time,backoff_time
4117620,133
4627579,223
4879090,43
5867591,52
7929508,196
14481819,133
16422554,115
18269500,160
23247568,187
23289008,160
24032110,187
27565570,142
28281062,286
35472107,268
37472296,241
39979608,97
40990809,286
41270561,115
48608578,250
52490619,187
56112504,88
57648306,151
62384101,106
63556927,241
65700991,241
66242918,151
67630781,115
68102114,196
72398594,250
72474099,43
73056393,79
73230614,106
76663523,295
78069890,115
89496070,61
95960602,43
96424842,79
97725595,70
100096331,214
105449311,43
105992444,169
106343520,214
116141934,304
122402335,232
127957085,187
128662114,106
129510845,88
131028611,70
131924094,169
135645095,70
142147025,61
142787728,151
144474491,277
144736405,43
153618898,286
153742103,151
154890096,277
155759946,88
158279800,286
158949434,169
160466594,259
161871120,205
164170891,187
164836113,124
165168938,286
167557080,232
172952396,187
174067047,295
174720937,214
176379437,205
177299001,61
177635976,79
182455345,178
186101929,79
187817609,169
188387581,313
191480483,196
193945915,205
195822371,286
196441333,88
196825990,151
197585449,142
197987800,160
200109201,259
200433996,205
207295448,205
208520879,196
209132799,205
210871069,232
217635567,97
217665104,232
220751112,79
222496889,250
225503448,151
226297273,142
227375296,61
230216216,115
230592818,115
232160099,232
238980918,79
239255940,88
239569056,205
240444786,106
244007342,43
244370043,151
246902088,115
249518924,277
250807452,115
251785030,151
252976370,232
254605018,124
256412070,97
260047115,187
269542102,88
271911540,106
289346620,142
290604275,79
296328073,214
300519483,79
310947686,178
311353912,295
313847965,88
314829032,106
315038617,196
316879373,151
318234778,124
319638221,97
322726501,277
323763796,124
325988575,286
332240575,88
333927550,268
338434427,142
342061731,88
344911414,259
345004663,124
350781895,241
356186612,43
358791420,151
377436517,70
378915107,52
380385549,187
384594400,124
385431797,223
391815518,115
411896914,214
413254937,196
413801912,187
414500611,250
414512618,178
422783112,205
424675481,169
426059078,70
426893598,250
429784600,286
433808368,241
434199263,277
435039602,187
436092802,205
438527575,304
440615428,187
443989772,151
444031099,214
450165574,268
454352025,250
454542965,97
454698553,88
457685258,178
461441249,115
465536039,313
466333800,178
466765452,205
471436370,70
471557118,124
476147590,106
479717517,250
482259532,205
482457585,295
484005400,97
487046419,214
487663019,133
490706108,277
491978024,124
496222076,115
500486035,79
501669359,205
505358886,250
506796407,250
509918497,133
518394109,43
520935101,115
524572580,259
524822614,70
524840036,151
525512063,277
528581105,61
538260353,178
545050347,97
545428293,70
546978085,160
551934037,88
554814034,241
555296543,43
555705251,115
559894115,52
560080519,70
561271800,178
564552580,250
564733552,196
567708803,187
568244394,277
568651968,52
570465112,115
573465553,304
575937927,151
576553340,295
582958261,187
583195995,151
583527483,124
583556923,241
584198236,178
584791214,304
586449095,43
591635492,124
594077092,313
597739493,259
598485120,61
600259080,277
601758588,160
602272589,70
603466615,178
604315284,277
605632523,250
610061201,241
610509102,70
610729619,178
619728563,187
621005001,142
621521523,241
624203342,88
626878577,169
627552084,88
628245847,205
628662117,196
632259117,115
634618379,160
634805114,178
638871620,97
641996047,43
643321461,52
647771454,115
647800798,250
650015776,97
650190109,97
659853383,205
659940928,304
664377601,151
666577502,106
666733607,79
671370754,61
672564478,97
673563035,205
675322970,232
675654611,43
676455006,169
677422114,52
681256390,313
681391083,160
681785709,187
687269982,295
693622562,88
694520571,151
704904536,97
705283984,160
708949344,61
717565044,268
720247118,124
720834546,277
725558284,142
729153073,133
729170998,97
732841616,178
737438528,70
737502504,70
746534082,142
748930745,322
749997030,277
752225524,43
753411884,61
754891563,223
758162604,169
761542689,142
761846314,169
764583467,151
765146091,61
767160593,322
768860422,232
769588030,124
773296063,79
775626561,178
776900876,187
777227101,295
783488527,70
785511095,277
786733120,151
787121306,133
788474231,43
788765010,160
790274115,187
792222569,124
792413531,151
793957060,79
795342427,250
800462101,52
817911946,151
827798611,187
832041762,232
832994501,43
834566805,43
835707355,304
837790484,88
842190587,151
844064596,232
848752544,286
849096989,268
864281811,133
879237501,106
880491470,295
881154523,232
882186551,70
882961607,43
887886953,313
890605076,43
894741850,259
898261324,214
898285199,70
908152081,88
909380517,313
909947503,205
910792570,124
915452105,241
920095000,250
920264280,268
920624231,259
935198598,79
935593114,178
935843520,214
939416590,241
940823385,88
941980120,178
950144801,79
951441608,322
955976489,259
959106561,70
963125091,223
963545516,97
971443004,169
976992867,142
981613969,268
983124105,133
987372287,250
988255095,232
988780044,97
990283049,79
991571956,259
994598104,88
998844557,79
1001495278,178
1003937772,97
1007170033,187
1007322919,43
1007728608,124
1008246890,250
1008526407,178
1009185497,223
1009994902,169
1014992250,169
1026140061,241
1028148455,178
1028260423,295
1031222318,151
1036952618,223
1039382107,241
1041344538,214
1043121616,88
1044766609,115
1044859998,214
1053571563,205
1058886289,160
1059474550,187
1061039113,124
1066233481,151
1068701931,70
1070975018,277
1072627060,322
1079726789,160
1082893290,160
1088684120,142
1088864278,205
1094786542,169
1099166535,97
1099260541,43
1099313552,43
1099587050,205
1112796966,313
1115306497,160
1115766363,133
1117268611,268
1124572008,268
1131644106,160
1132653027,214
1135037054,304
1135562119,43
1142462613,97
1146145086,88
1146929117,70
1148927047,97
1149662270,142
1158045494,52
1163419109,106
1165502036,205
1166176088,160
1173760409,295
1173947044,151
1174895888,214
1175338773,232
1177031333,286
1179564228,205
1186020064,286
1186247381,322
1187415098,142
1194990187,61
1204145530,88
1206695000,187
1210224360,286
1210462986,187
1210747197,106
1214653547,43
1215264504,232
1221174781,142
1222757549,286
1224750367,214
1225082037,43
1227873569,61
1233036382,169
1235206398,322
1237944054,196
1241092465,52
1245063106,142
1248264111,133
1248375261,52
1250155018,187
1251638896,178
1254653105,61
1257225118,142
1257729037,133
1257927620,124
1262383406,205
1266933346,241
1270315592,52
1271888527,187
1274576029,160
1275739893,178
1281848551,250
1286385820,322
1291465548,70
1299775226,61
1300172049,214
1301831874,295
1304464923,151
1306607112,178
1307939608,97
1309842606,259
1311023107,214
1312552563,322
1314730604,52
1316267114,133
1319233456,196
1321913044,70
1330065473,187
1332481615,142
1338219097,241
1340050493,160
1340618509,241
1343307577,97
1346108593,223
1347618471,124
1349234074,160
1350151119,61
1350476844,268
1352430035,178
1356892618,52
1357556611,241
1358739118,52
1359937273,295
1360281864,133
1366992114,61
1371794520,169
1373079102,79
1377284852,223
1379094387,43
1381612255,187
1383243354,160
1383886280,259
1384873939,115
1385135611,169
1385936303,286
1388407118,88
1395829398,133
1395887103,286
1396467478,70
1398688114,70
1399531591,115
1400804987,61
1404247268,106
1405474376,295
1406363295,223
1407338080,196
1408847487,277
1409313421,151
1409574005,304
1416443620,295
1417706957,241
1420951481,115
1425463998,268
1425743964,151
1427743336,151
1429700068,106
1430208272,43
1431504948,151
1434148400,43
1441913457,313
1445829112,115
1449912832,97
1451552458,286
1453646106,70
1458168118,52
1459444392,178
1459728493,295
1461056529,196
1466636293,88
1467273533,115
1472859262,79
1476247997,160
1478442035,52
1480063584,196
1488712502,142
1489854120,178
1497971699,79
1498336959,151
1499138568,70
1499951928,169
1501383618,43
1502214325,88
1502764868,97
1504336096,241
1507790212,151
1509497614,187
1510417067,196
1517404105,43
1517554570,322
1518025862,70
1518101957,61
1521707931,52
1524416693,223
1527348838,277
1527888436,160
1538264519,214
1541711118,151
1542473922,97
1546192575,178
1551726114,52
1562460316,97
1568283993,304
1577807114,322
1580036978,295
1581413052,313
1586210027,250
1593279563,142
1593788350,313
1597807117,124
1608860230,187
1608964219,295
1610727235,196
1613002307,196
1618586389,268
1619860023,313
1625238852,304
1642309899,178
1643779120,322
1644807115,133
1645485902,106
1645730091,97
1647085612,313
1647553089,43
1649855377,241
1657866119,88
1662896077,97
1668308304,43
1668418844,259
1670157822,232
1670290887,115
1673148615,151
1675517847,124
1676212415,52
1680762101,169
1680955388,268
1683206574,97
1689527067,106
1695907565,151
1695972246,268
1696520916,61
1699711103,52
1703145521,79
1707165979,196
1708073945,61
1711187514,304
1717457953,97
1717667516,286
1719095344,268
1721192523,70
1724076269,142
1725946561,79
1730430118,43
1732279594,106
1737177450,79
1739179704,124
1739766581,223
1740661584,205
1746425120,322
1747626181,286
1750959850,124
1758837546,61
1759277377,259
1760835932,286
1761709393,187
1763261788,151
1768794550,187
1770056257,268
1774335459,241
1776832861,304
1780105732,52
1781063483,241
1781931068,79
1788005540,313
1788192534,322
1796657970,259
1798133008,241
1799608525,241
1802079061,205
1803890783,322
1804262294,178
1806398399,241
1811514577,196
1811903867,133
1812067831,250
1812533119,88
1817370370,214
1818637260,196
1819212972,43
1822984620,52
1826237976,232
1831604590,52
1832932581,79
1835379472,178
1835969602,151
1837471315,295
1838210351,214
1838564193,61
1840059692,115
1841790036,250
1843991094,250
1849276089,142
1850382115,205
1851143113,70
1852215100,70
1852360361,277
1852900478,79
1853853113,97
1855381975,97
1863189470,178
1864502589,142
1865412992,52
1870683030,268
1871981523,286
1873625560,142
1877295812,295
1879048600,79
1883590049,178
1888729246,70
1889238817,268
1897132760,142
1899427426,124
1900630280,214
1902578476,304
1908552428,97
1908925372,196
1909827825,277
1912841774,196
1916140606,43
1916816446,160
1920503932,151
1921398107,277
1926688103,70
1928627965,88
1930619014,151
1931996975,133
1933377083,43
1933395094,97
1934250556,259
1943837439,70
1947506001,205
1948688052,322
1949231580,169
1949662256,61
1954540963,277
1957239040,205
1957291809,205
1959224115,142
1959513232,304
1961968069,295
1964871001,268
1965069062,70
1969128528,88
1969882321,304
1972309783,223
1975285042,178
1976398342,250
1981276063,187
1982015030,187
1983676078,142
1986626568,232
1988323003,232
1989038248,232
1992520614,124
1993014446,142
2004260604,142
2004459059,214
2007196116,187
2008832963,295
2010210507,106
2010461595,178
2012743321,169
2014097222,61
2016479564,187
2019306966,178
2019549886,241
2019607933,214
2019724261,52
2020848111,304
2027610447,97
2027750062,106
2028620608,205
2031257044,79
2031554366,160
2038038616,169
2040577952,79
2043490467,142
2047457855,205
2050558086,187
2053315281,268
2054324978,70
2055176041,160
2058385555,97
2066319512,61
2067494014,295
2073208512,61
2073869594,313
2074531106,142
2076588607,115
2078753539,79
2080685119,115
2082673565,241
2086593050,133
2087127948,115
2091954596,133
2092878414,286
2094275006,142
2097636853,106
2101782967,277
2102108851,169
2104148957,124
2109498620,223
2109794794,79
2111314100,322
2112246086,304
2115430875,232
2117935424,223
2119434087,223
2121625608,160
2122342563,70
2123863822,52
2126622046,196
2127903853,223
2129365915,178
2131224760,133
2132497535,97
2135759829,277
2137652116,43
2139346456,286
2139490967,160
2143056555,250
2146797767,142
2151273807,160
2151864484,43
2156713093,241
2157198555,178
2157680735,196
2160348937,295
2165227092,70
2170451089,187
2170469107,178
2171084502,250
2172796085,223
2174542083,169
2174926109,286
2176385618,133
2176601000,124
2178669001,268
2178750603,304
2181535024,250
2183783073,88
2184853592,205
2188576561,277
2189754086,250
2190720580,304
2192210078,106
2197404057,115
2197893108,304
2199065920,277
2203131684,97
2206386587,259
2206992114,79
2222158533,133
2223247118,52
2225114120,169
2228405597,88
2229007586,70
2232721588,43
2235148582,79
2237265518,187
2242840786,151
2244739939,124
2250583618,268
2258052678,232
2258087781,214
2258182313,196
2258304873,322
2260115896,268
2260588080,241
2261150114,232
2265157965,187
2266398003,322
2267190218,214
2267661322,160
2267713459,241
2269868032,124
2272201052,268
2273139068,142
2275815109,250
2276245742,223
2276623008,88
2277354050,214
2278787935,232
2280991890,115
2281049565,277
2287451333,232
2288016238,61
2299993501,322
2303877550,205
2308639968,232
2312920009,277
2313438402,178
2314540095,52
2318651550,142
2321736267,313
2324335956,133
2327422118,43
2328184877,79
2329711891,205
2332320540,106
2332855618,97
2334405327,43
2339749822,295
2341312023,205
2341416077,97
2346494211,268
2349061729,277
2352585525,124
2353638979,196
2354370049,286
2359225319,52
2359731795,97
2363954081,196
2377522563,160
2377842970,124
2383446118,223
2384335286,304
2388769530,259
2391790119,142
2395552516,106
2396348471,169
2398773030,61
2402937592,88
2406436433,286
2406960596,43
2410030886,142
2417094591,259
2421251316,178
2422704431,268
2432335587,223
2435805833,151
2436361481,286
2437519089,232
2440711945,250
2440811606,169
2446087977,295
2447816404,142
2449572991,241
2452365890,259
2452938330,43
2462016047,214
2462342056,160
2463009943,322
2463984558,88
2464580020,169
2468739926,295
2470039342,241
2471127012,43
2472422578,205
2475167980,187
2482730718,196
2485089602,115
2489302100,151
2491540077,106
2492629572,79
2496581118,70
2497975072,70
2498320544,133
2499851014,43
2500466992,106
2513143381,241
2513603967,88
2515366449,268
2515844900,106
2521651024,187
2525736402,79
2526445393,214
2527986427,250
2528330088,259
2528359087,196
2531380300,124
2538102936,151
2543872533,286
2545396048,169
2546812909,79
2551505317,268
2552074469,70
2554308540,160
2557540832,241
2558794500,259
2560055607,205
2561683602,169
2563907098,286
2564573105,277
2565942077,115
2567921574,196
2582303454,106
2583497944,295
2584387959,142
2585376908,196
2586003297,142
2595589115,133
2600517891,286
2604949968,196
2605137587,142
2608086601,61
2612102112,151
2613427008,169
2616029867,61
2623642567,268
2623678062,142
2623707257,205
2628469981,178
2631856607,61
2633270106,43
2634664538,259
2637331376,286
2639969234,88
2643509954,88
2646767931,214
2651046604,250
2657128839,205
2657273056,322
2657441530,151
2657470624,70
2659033862,277
2659535576,223
2661023587,322
2663756959,133
2667542612,250
2668960702,88
2669412567,115
2669465589,277
2669658082,115
2672306847,214
2675269783,142
2676396529,61
2678029527,196
2680142021,304
2682878933,223
2684729960,160
2685938455,79
2688745553,97
2704273554,115
2708292612,241
2723974602,52
2724672334,268
2725883414,277
2727529972,196
2731279932,250
2732928366,88
2733796613,286
2737824117,196
2738934565,79
2745406619,142
2746952114,43
2747219509,70
2751562093,322
2751678063,79
2754090823,79
2758816106,241
2761726726,133
2765027581,304
2774667782,115
2777458548,277
2778178298,277
2781906074,295
2789669573,160
2790110513,88
2792588430,196
2793687101,160
2799667076,223
2801351792,142
2801927424,178
2802358591,232
2804197514,97
2807949921,205
2810158106,52
2813525921,115
2819540884,70
2822274100,169
2822895504,304
2823822570,160
2828386565,295
2834579167,106
2835003096,214
2840923875,169
2841168502,196
2842604419,250
2848083311,322
2851842249,277
2855301618,106
2855804908,97
2856329133,187
2857097074,106
2863992986,142
2865148116,70
2869465576,169
2871302110,286
2882746422,277
2883530540,304
2883728117,250
2886284071,97
2887700562,169
2896423369,79
2902997398,223
2905217489,178
2914270264,106
2916530116,268
2916743962,196
2917822366,187
2920019959,313
2920307033,124
2924414231,124
2924720859,322
2924779439,79
2931803869,241
2931974058,79
2932650388,151
2935676442,214
2938121519,142
2943057435,250
2946698307,124
2950904436,223
2954776503,79
2955446093,115
2961650120,241
2961819537,241
2967621653,43
2968121430,295
2971658106,61
2972367617,304
2974782114,250
2975664946,196
2980544087,160
2984882556,79
2986200217,250
2986206467,250
2986549887,70
2986643116,43
2989135525,223
2990795331,79
2998988402,88
3005545375,97
3008635339,187
3013451482,286
3015625587,70
3016424099,250
3016692546,313
3019164538,52
3020047834,142
3023053431,259
3025685473,88
3027446004,277
3032234097,79
3037822110,106
3039257407,304
3042538943,133
3049432094,52
3049542589,52
3055532059,115
3056301120,43
3057453777,151
3059720508,52
3060480915,106
3060504422,223
3063519603,187
3068628472,214
3074033077,88
3074294254,79
3082449769,214
3087840904,160
3091213083,115
3095023606,124
3095041466,133
3097470511,187
3098873070,142
3099619107,250
3100427054,178
3105515620,178
3106220521,70
3107114024,133
3108725013,124
3116406095,286
3122904116,214
3123073617,79
3128901474,304
3131599020,205
3132103510,277
3136766963,322
3138618079,214
3141259539,97
3143218502,124
3143848941,277
3144040535,241
3149362286,160
3153489433,160
3155200028,61
3158786472,142
3162083535,106
3163123094,169
3163599345,205
3167617120,178
3170354010,88
3170833609,97
3171421036,232
3177995921,286
3179368597,106
3180346233,70
3181499005,313
3181517105,169
3186325016,196
3192972044,106
3193544113,79
3195037380,286
3196559005,223
3202451414,304
3207595494,169
3211776600,97
3212829110,142
3214201617,142
3217546334,304
3218158420,124
3222660518,268
3227790062,61
3244061743,232
3244798511,61
3245178530,196
3253046091,124
3257204541,142
3258839109,187
3259746116,79
3260154302,97
3260346914,97
3262605850,304
3262717031,133
3263531326,79
3272470095,295
3279309031,232
3280914109,214
3282920362,142
3283077567,70
3286322509,106
3288628503,61
3293779033,223
3297262073,88
3297878620,133
3301842560,187
3302947523,70
3303817889,97
3306627118,304
3311688446,115
3312597097,259
3313462517,214
3314964932,133
3316474387,205
3316714451,187
3316970115,61
3326294704,79
3327116024,160
3327512834,196
3334805110,268
3338541065,151
3338691514,160
3338709108,43
3349249094,277
3350161608,277
3350529588,70
3360104484,277
3360750568,79
3364495981,196
3364519093,52
3365023855,205
3367146858,97
3371260994,286
3379623606,52
3391953770,133
3393236064,52
3393503095,187
3393949879,61
3394813020,313
3395830105,70
3396120042,286
3397903779,142
3400312620,178
3409006083,232
3415086793,43
3419952843,43
3428856194,151
3433043372,151
3434328038,241
3436082405,268
3443189585,178
3445317577,79
3445457040,43
3446503327,106
3448360184,151
3450687597,223
3451004574,322
3454974518,79
3462798051,124
3463566615,268
3467088473,169
3470413919,124
3473399883,268
3473481548,97
3479047956,178
3481290549,52
3485868077,106
3492541956,241
3492629417,196
3494056068,133
3496827586,277
3497723085,142
3498048290,133
3503142581,133
3504619612,151
3506269508,151
3511363435,187
3511550794,304
3513900518,133
3514834068,250
3517676090,196
3519962306,160
3528851368,142
3529223594,304
3530882861,214
3532610932,187
3536386323,205
3538807534,241
3540665605,115
3543084691,79
3545313318,205
3547155363,79
3552810117,250
3557520586,124
3560316601,169
3560834416,43
3561302108,106
3562850886,169
3562857010,61
3567115096,97
3567752573,277
3568792809,259
3569734088,70
3569931297,142
3570331061,43
3578535353,232
3584289722,268
3588040056,151
3589902372,205
3590381982,250
3592668604,70
3593229346,151
3601452501,88
3602040487,97
3602343420,169
3603123117,133
3609132967,43
3610377470,205
3611804589,79
3615901565,313
3616023360,124
3616570039,286
3619786118,43
3619861577,241
3622409363,115
3622658884,259
3628666082,250
3631166095,61
3633512494,250
3634261043,160
3636381069,151
3639749364,259
3642467942,88
3646220583,115
3647026057,286
3648074117,133
3650866547,178
3655010201,313
3655872608,187
3660133951,277
3663370522,322
3664398468,88
3668753468,205
3670816214,277
3674399406,322
3676487108,43
3679381565,169
3680991342,160
3685553750,169
3686144117,223
3701058327,196
3703509961,187
3707620932,196
3712330421,61
3714986372,106
3716479965,268
3716886940,169
3723338593,214
3724144414,196
3726870762,160
3727516918,52
3729424661,151
3732176570,88
3735547067,52
3742985970,97
3747665406,115
3752514612,61
3753026045,187
3753641948,286
3758433072,196
3759658602,52
3769276032,250
3774599487,205
3783365106,61
3783918015,151
3784005799,88
3786545403,196
3788096117,43
3789328995,97
3794589353,142
3800165990,178
3802849845,259
3803996060,70
3811643394,106
3826212521,160
3831027605,286
3831189510,322
3831370601,160
3833524028,43
3833727513,259
3838882839,223
3841612740,43
3845656703,124
3853660397,97
3854220505,79
3854454118,124
3857791578,88
3859237499,313
3868082248,196
3870944465,151
3871658736,187
3874633062,115
3876557462,268
3877421802,196
3879525348,313
3880180120,214
3882396226,106
3883847079,232
3890767888,286
3891129104,52
3895247589,79
3898334930,304
3899641558,160
3900545418,151
3904803951,313
3905371443,160
3906689505,214
3908217514,313
3913325211,169
3914818992,43
3915290272,250
3917056271,268
3922324476,223
3926820333,241
3935449607,43
3939479873,205
3940512498,169
3941102117,43
3943801267,142
3946368888,97
3948250936,313
3948553318,322
3955085577,250
3956280946,214
3960852119,133
3967792013,133
3972865578,61
3977410970,61
3977905587,241
3977958403,259
3979460823,205
3980997040,295
3983000344,259
3983413738,97
3987174557,250
3989761619,88
3990760353,304
3994059098,52
3994529084,52
3997472440,286
3998340305,52
4000474733,313
4002799582,205
4006709749,70
4007741282,142
4013479037,295
4015037834,241
4016064765,178
4017334112,61
4023172455,313
4031540190,43
4031989544,178
4032217111,97
4037610991,178
4038994435,52
4040100071,142
4041097896,115
4041898095,322
4043488481,277
4044204374,277
4046451613,268
4047932014,295
4050035072,115
4051155618,70
4058647567,232
4061483614,295
4066391093,223
4067774518,304
4069957042,214
4071190421,97
4071846412,97
4078348103,79
4087282475,61
4089176339,97
4090696088,232
4091097586,304
4097558581,295
4098521065,250
4098713090,88
4099844221,151
4100420931,61
4101770608,115
4104162606,169
4112332212,151
4115134029,250
4116589471,115
4125533093,97
4127212014,178
4137588804,160
4137723588,88
4142881945,205
4143556284,178
4143567931,169
4147270115,124
4147287923,61
4153859455,250
4155530057,88
4157093399,97
4162414699,97
4164153986,313
4164398020,43
4165304527,268
4165566592,178
4167510473,277
4169043582,43
4169195522,178
4172193485,88
4173121400,241
4173562612,97
4177442051,88
4178987024,304
4183087602,223
4185718470,97
4186633479,169
4188208482,304
4191691066,250
4195155084,61
4196615440,115
4197974316,241
4207016742,133
4208608569,88
4215304563,196
4217640084,52
4219426616,142
4223988370,142
4231406510,133
4234041104,178
4236619275,97
4237937902,196
4239540592,295
4241232278,178
4251521430,304
4253715424,196
4254028353,151
4254923098,124
4262600857,322
4264949261,223
4265159946,52
4265788892,97
4271328644,277
4276151618,223
4280408563,97
4282878934,232
4285133189,313
4289422917,223
4291197908,169
4291977814,196
4293247581,223
4293554790,313
4301915071,61
4304628884,142
4314245028,124
4319725399,61
4322835839,133
4326341583,79
4326951118,115
4329195432,79
4331731118,142
4336759750,142
4347842897,70
4348906067,151
4350143576,322
4351322390,169
4352031620,160
4354066442,277
4357504482,250
4357544494,241
4361091756,160
4361214084,241
4362038755,52
4364036619,232
4371813438,205
4372376790,70
4374978002,70
4378835423,187
4379313618,106
4391239119,70
4392430620,178
4395326972,88
4399728040,205
4402402437,169
4402553784,142
4404545119,79
4408046554,286
4416117273,322
4417059444,277
4420907617,214
4423158429,313
4426614845,88
4433427748,196
4434898881,187
4437687554,304
4446366468,232
4446720477,205
4449375705,142
4449782947,115
4453289750,196
4455432560,160
4458295014,97
4465405088,313
4465504516,214
4470204966,250
4471562949,61
4473299527,295
4478345945,115
4478782526,142
4480573019,187
4481900441,160
4483697989,61
4488206083,160
4488530558,52
4492913589,97
4493390587,88
4495483611,142
4497360600,178
4497849820,88
4499223862,52
4499867615,61
4499937532,43
4501860178,160
4502336871,250
4503443427,232
4505112813,151
4509239566,187
4511865999,79
4518649479,124
4519780429,97
4520466479,250
4521619851,178
4524020597,43
4524970985,241
4525733486,313
4526175770,115
4526741468,43
4529884501,133
4533729303,187
4535305511,124
4537781069,205
4542797813,187
4543845428,322
4545112613,115
4546660298,295
4561852306,178
4562259904,259
4563829087,160
4566089872,178
4567451889,151
4575790479,133
4577228049,241
4580731574,223
4584240550,124
4586605561,61
4587922038,133
4589493917,277
4590342980,79
4595581014,142
4600153613,61
4603682394,151
4604066478,151
4605617580,160
4605925301,133
4607185914,241
4607837339,196
4611191900,70
4613422117,223
4618231542,142
4619749595,187
4621592083,61
4623840594,322
4624107479,241
4625442352,277
4625638507,304
4626225563,295
4628541725,88
4632378035,322
4634148002,322
4637754394,115
4639937601,187
4641332360,43
4642374044,259
4648419615,187
4650074934,250
4653093228,277
4653269062,70
4653619203,124
4656544608,286
4657037420,268
4657369160,115
4659631199,160
4664266008,223
4665209617,52
4669059120,241
4670025073,205
4679349411,223
4680547947,205
4681025561,196
4681528541,52
4683561841,187
4688663838,277
4690462560,70
4691176461,151
4692024511,160
4697158330,124
4698267612,115
4698836596,214
4700260618,70
4701006331,178
4702572044,133
4709217452,160
4710141018,79
4714795056,142
4716412317,250
4717691401,160
4721808555,142
4723355933,106
4730800810,169
4731626950,304
4736610513,223
4739003754,115
4739283407,277
4741326203,79
4742212482,61
4744492535,88
4746600389,241
4746996432,232
4747020045,133
4749500013,43
4753126298,259
4753964618,61
4754650796,241
4756296054,286
4757228323,295
4757275092,250
4757350049,79
4757402088,277
4758470880,97
4770127447,142
4774047086,187
4776773111,61
4784795469,295
4793137998,124
4797467529,115
4802002806,205
4803565365,196
4804402748,106
4804937304,205
4810472006,250
4812047096,124
4813518049,160
4821301083,142
4823257438,187
4824877594,70
4825663956,286
4825861024,214
4829010620,61
4833940255,196
4838454016,43
4842207107,52
4845502793,124
4855970421,70
4859158388,115
4861304617,70
4863119534,115
4864781945,61
4865363708,79
4873224361,178
4873948007,178
4881432042,70
4883596370,286
4883960021,160
4885083381,214
4888974114,205
4889336598,124
4892437051,151
4896699582,322
4896816514,232
4897517487,70
4898410571,205
4905645110,43
4906046213,241
4908297089,214
4909582052,52
4912404481,286
4913254850,151
4913679590,313
4914827105,52
4916635231,196
4919571341,295
4920319483,250
4921061345,295
4922435349,106
4922609517,313
4924761953,259
4928996934,187
4937930531,169
4938730553,241
4939918060,295
4941248443,151
4945224353,79
4945678484,106
4951063296,214
4954649030,106
4955551017,295
4956615926,133
4960134069,268
4960926960,250
4961170494,115
4961527381,133
4961551337,106
4962998465,286
4980042079,142
4980230035,205
4980323431,313
4990453335,304
4991070443,169
4994494659,106
4996233103,52
4996640099,250
4996686490,286
4997797092,43
4997907537,88
4999105899,223
4999472936,106
5008830982,232
5018975096,223
5021664566,124
5034276478,322
5036796856,196
5037897558,61
5049980108,88
5052224778,79
5058519074,205
5059124920,223
5059885967,124
5063494439,214
5065108806,124
5065691297,214
5065697565,160
5067295869,133
5069394856,259
5070435043,61
5079949588,106
5081322945,295
5086738048,187
5096418850,88
5100932983,223
5101351054,214
5101663497,268
5102210519,160
5104223582,286
5105851078,169
5107577323,268
5108141078,178
5109680089,61
5110739600,79
5112879078,160
5125205506,232
5126025258,268
5128038428,70
5132085069,205
5133591074,322
5134735436,79
5139019262,223
5145640101,169
5149312867,214
5161117220,259
5169600491,88
5170401310,313
5181646749,178
5186267538,169
5188847030,133
5191344116,196
5194884937,187
5199852119,313
5206907518,223
5212300620,223
5213155074,70
5215879492,187
5219469883,259
5221932784,88
5223889074,79
5224365506,115
5228949040,43
5229263497,169
5229974512,259
5232744770,142
5234130400,61
5241336106,151
5242949120,124
5244876005,322
5248577418,88
5251226980,214
5260055409,97
5260715081,250
5261997329,322
5263287102,169
5272603344,223
5277620806,205
5278887618,187
5283340772,61
5290279859,133
5296084065,97
5297437548,196
5304049674,241
5306650497,70
5306754571,97
5308890490,178
5308948981,133
5312131427,97
5313095066,205
5316042726,61
5319417933,304
5320877007,151
5323056599,52
5323317052,241
5323579564,187
5324036503,313
5325335547,277
5330009453,142
5330547111,241
5334475361,133
5336366952,241
5341685343,169
5342795421,295
5346959545,250
5350200617,205
5350696232,52
5356460076,133
5358843069,88
5367805102,115
5372647084,88
5378918518,313
5382513771,178
5384238112,133
5385450197,322
5387191050,169
5387717554,241
5389011946,277
5396010002,169
5396279391,133
5402653537,268
5403461013,322
5407583612,169
5409514499,241
5418209284,133
5418803116,268
5422599524,61
5423054538,322
5425870519,232
5428066481,160
5428323042,133
5428752941,205
5434111448,79
5435362365,241
5437693563,295
5444135110,79
5450785491,268
5453828615,142
5455621986,268
5455768007,151
5455930832,106
5456496519,142
5458482464,196
5458511390,52
5458889567,295
5467690078,286
5469597331,124
5476452085,178
5487593107,241
5489578115,169
5500332388,124
5506925153,250
5507075093,70
5515038530,97
5520255111,52
5520399574,106
5524412113,268
5524993097,241
5526323092,151
5529121914,70
5530110102,61
5532237091,250
5534249054,43
5534355576,97
5536307844,79
5536559966,169
5536787617,124
5539696950,268
5541216357,196
5541531048,268
5546388393,52
5546579754,133
5546633247,97
5547007612,70
5552986408,277
5553642679,61
5556665609,61
5557189483,322
5558560066,277
5559019610,133
5564374945,79
5568571499,142
5569147572,151
5570884838,115
5571584921,223
5576323531,304
5580282525,322
5580614217,124
5582179013,187
5590288940,178
5600258896,178
5600770004,151
5602001497,241
5602899313,169
5606373522,142
5607456579,232
5610642528,295
5611406023,106
5611458548,115
5614980490,70
5615415186,61
5619935724,97
5620564666,70
5621093065,142
5621275118,223
5622674598,142
5631476093,61
5637410270,205
5638517511,43
5642719606,70
5651443114,178
5653086487,304
5657857086,268
5662490533,133
5671252065,268
5672877110,151
5682133513,295
5682597839,52
5688961716,70
5690212818,214
5691464115,124
5697032104,61
5697248022,142
5697928283,79
5698666111,106
5702561104,295
5703960533,295
5704129606,178
5706404529,52
5710798525,52
5718238744,322
5719861066,106
5720452896,286
5721202518,70
5723529040,151
5726231602,178
5733676879,223
5734707019,106
5745102569,79
5745999419,205
5746428002,178
5749825117,52
5755782542,313
5756802933,169
5758666893,133
5760008927,295
5765254092,43
5766234589,187
5766695410,322
5772504054,268
5774078806,70
5777709857,250
5781337549,43
5783435545,106
5784588535,97
5787439583,232
5789063617,205
5794942566,133
5801779450,205
5807941383,295
5811716060,205
5812821589,151
5813248562,322
5814403715,214
5815674081,205
5819251048,286
5821034530,187
5823918077,259
5826907106,61
5827692603,286
5828244117,196
5828732567,124
5829487577,106
5830183616,115
5830501971,160
5830653097,88
5836620510,142
5837820613,106
5839244743,250
5846259055,304
5846741248,133
5858699109,43
5859490602,142
5859595353,268
5860952593,61
5873351614,169
5877082366,196
5887440597,241
5887667517,115
5888708349,223
5893247332,187
5893944490,196
5903966551,286
5909580120,322
5911903086,151
5912558565,169
5914033826,160
5918360989,205
5920922542,106
5935271560,43
5937986513,232
5942198612,223
5944886850,196
5950906201,196
5951186533,115
5951758737,259
5954216887,250
5957460546,277
5961601357,259
5961891551,286
5962390617,214
5964369454,178
5964451714,70
5965231401,70
5966604787,277
5967621941,304
5969731998,214
5977329364,214
5984549977,277
5987219347,286
5995379584,313
5995952598,43
5996891449,259
6000769035,205
6003648106,61
6006920399,97
6008792836,223
6009407040,313
6011125999,142
6011941045,151
6012428942,214
6015214882,52
6017162600,259
6017197319,88
6017284609,232
6019586620,106
6021545812,124
6024699604,61
6025387843,106
6030339611,322
6031506834,259
6033588503,79
6038115014,259
6043762502,97
6045211969,169
6046192562,286
6051317784,106
6051701613,61
6056952458,142
6059038256,124
6061222394,313
6063089283,61
6067020106,43
6068354564,115
6068372004,322
6068941129,133
6069672612,115
6071820269,70
6084015097,241
6084097074,259
6087321096,106
6092221997,133
6093774514,259
6096586597,79
6099652071,151
6111910573,322
6112851828,286
6113566443,295
6118054610,124
6130713880,97
6134057499,142
6135647459,196
6138009615,259
6139563369,88
6140040838,295
6140397998,196
6141422102,70
6141480565,241
6148132761,196
6148486089,151
6151799113,52
6161090036,286
6163931322,160
6166523892,70
6166623471,106
6169369023,151
6172113158,151
6176225763,322
6176355095,286
6177500034,160
6177669259,196
6186299339,196
6190167426,214
6190450523,178
6191866078,169
6191993949,187
6192034981,268
6196632937,106
6198535450,205
6205470292,88
6209934516,250
6210069838,43
6213075532,124
6214772930,241
6224904609,79
6226897597,106
6227148111,196
6230611747,79
6233719246,196
6234573563,151
6238348883,52
6238419612,169
6238431448,61
6242580559,268
6243579578,106
6244255815,169
6250871952,286
6252416559,43
6253030117,79
6253886108,97
6257591034,115
6260731611,196
6260948540,169
6261130705,124
6268220484,70
6273015620,124
6277967522,61
6278254437,304
6280521351,115
6284501985,214
6286999002,259
6288763103,79
6295503385,259
6304478579,232
6305498073,232
6311585508,313
6317119028,304
6318060580,79
6331915538,151
6332405946,277
6336365416,124
6336406507,169
6338275168,61
6338664012,88
6339269739,187
6339699295,169
6340130066,88
6342565478,196
6342718713,115
6347288602,79
6351672773,259
6354375476,52
6356581459,322
6358093948,169
6358211166,214
6359287791,79
6368915575,250
6369833613,286
6371539396,205
6372682975,322
6373223107,88
6375429273,250
6376416753,223
6377535475,241
6381879035,286
6383139400,88
6387620814,151
6391207576,61
6395224065,43
6395439053,70
6397293112,205
6403271006,151
6407317425,88
6409733435,295
6410798805,79
6412723473,160
6416587431,61
6416808508,214
6423284104,142
6425256938,142
6425703466,70
6425934697,205
6429397956,124
6433850991,313
6434797609,52
6435667275,151
6444391495,250
6447505916,259
6447827108,142
6450323099,313
6451639071,223
6451755595,106
6452006441,304
6459811095,286
6461508119,223
6461927940,61
6465460431,241
6465914099,115
6467617553,241
6469019287,133
6470284095,250
6476512572,205
6493564510,142
6494976842,97
6495145931,304
6497851075,241
6508765099,160
6510429572,223
6512708616,52
6515068946,178
6515296091,43
6519856878,142
6520275023,160
6522636541,214
6523402405,286
6523682115,133
6525658964,43
6526130077,106
6526547235,151
6534136616,250
6535835452,250
6536329501,142
6542832558,106
6544610608,97
6548609580,133
6552308608,286
6554151472,169
6557910764,160
6557923118,151
6561066291,223
6565979079,286
6567054700,259
6569659811,313
6571293441,61
6573347301,214
6575870436,241
6578755179,106
6581749744,160
6587801277,124
6591306576,178
6592049114,214
6592345235,124
6593697569,268
6593948084,169
6595162518,223
6595413550,232
6597905959,169
6598750376,97
6601834036,52
6607279550,205
6610569522,160
6618990268,115
6628841855,223
6629463590,196
6630136505,313
6632762565,115
6643316614,277
6644615071,151
6645353252,115
6646083591,88
6647027119,169
6648430354,124
6648750371,286
6649895417,97
6656677948,151
6656888086,115
6657352612,286
6658580892,268
6664505572,232
6664721438,232
6665065097,214
6667699015,52
6670794913,295
6671481897,106
6672909079,268
6676560349,259
6693529110,241
6695357739,232
6697359450,259
6700406605,52
6700693619,61
6700791799,106
6701838876,142
6706074613,259
6707865042,88
6708441039,97
6708972598,79
6710966500,115
6716204607,304
6716647891,205
6719771339,97
6721554902,313
6721920486,160
6725485586,115
6725878912,142
6727114322,124
6731396579,151
6734047601,142
6738372090,214
6741260798,61
6742198411,160
6751883976,106
6754251620,196
6757672970,205
6757871283,151
6758948616,52
6762260027,259
6765569203,97
6770327073,106
6770500233,79
6782941036,295
6783859530,133
6790720456,79
6795629992,196
6797671851,205
6801222510,70
6801384435,241
6802977850,313
6803716199,97
6809711076,106
6813843870,151
6817394047,115
6821158565,169
6825260969,277
6826663293,106
6827795045,232
6830800027,169
6831293445,106
6836497939,196
6837578409,214
6838724494,214
6838962971,61
6844635943,160
6848536524,196
6849871555,268
6857604470,322
6859746085,322
6860146748,160
6860886454,214
6861272601,79
6862384767,52
6870207495,187
6870370109,196
6870481882,223
6875363895,250
6878278981,124
6880873542,142
6882878260,79
6884204416,124
6886867838,268
6887691320,250
6888715766,43
6891020599,241
6892482950,169
6893788608,196
6895257527,214
6902181014,241
6908034531,259
6910252524,106
6916063554,52
6919227503,268
6922377409,223
6923200057,52
6923924855,124
6927092739,196
6928507493,151
6929806102,70
6934289001,268
6935663519,124
6935733590,277
6939091052,160
6940548004,205
6946019198,115
6952862562,124
6954196076,178
6957158397,205
6964843584,241
6972769352,178
6973315071,169
6974378998,142
6975216225,160
6985675325,232
6986789881,322
6986911987,160
6988294512,196
6988826260,97
6990401583,277
6991117616,187
6993541881,178
7001311602,70
7011307357,241
7011435553,196
7012610511,88
7016250857,232
7019630106,304
7022853410,169
7023277090,142
7025647008,277
7032019562,223
7034584391,106
7035641201,169
7039741406,178
7041252608,115
7045112515,52
7045187301,70
7049211445,43
7051580986,106
7052065113,97
7052796804,133
7057509110,205
7058050614,232
7065163552,151
7067574119,133
7069082792,214
7071346297,160
7074523234,322
7074894045,205
7076740853,151
7077380055,97
7078604592,61
7083258073,250
7090542960,169
7092075488,286
7093963303,124
7094183874,151
7098999603,241
7099929014,52
7100099420,268
7101982271,160
7104860494,151
7105837687,70
7108280575,223
7108699574,322
7109977415,133
7123008213,115
7128100937,241
7128409470,259
7129053742,169
7129441968,187
7134193884,277
7139970403,268
7144122077,142
7145997786,124
7147066432,196
7150594572,259
7156301507,205
7158002413,313
7158299593,61
7158375018,43
7159785538,187
7160279118,52
7161745320,259
7170238795,322
7170541103,52
7171924038,232
7171976810,133
7178286617,187
7183137518,286
7191633594,313
7191965616,88
7192554091,214
7194472844,250
7195681120,61
7200268296,286
7201485497,286
7202020418,124
7202353068,196
7204851584,304
7207581120,43
7208358917,295
7211171444,151
7217807926,160
7220215191,232
7224309801,124
7227202105,178
7228015939,196
7230591310,223
7233114044,52
7237233609,196
7239228348,70
7243357792,106
7243393604,52
7248222115,268
7255314756,232
7256801567,97
7258940582,43
7260737573,295
7261754560,250
7265911414,286
7273412086,313
7281056854,241
7281161420,142
7283589862,178
7285297620,124
7287333494,313
7287636374,142
7288214391,88
7290288313,277
7295803078,52
7301494120,259
7302573272,241
7304287509,160
7304617048,43
7307284099,295
7307405094,70
7308209831,88
7309081739,259
7309354021,43
7310576094,169
7316212098,187
7319118372,97
7324629313,241
7327139009,142
7329221035,151
7330704311,178
7331339086,187
7333788730,115
7336610420,286
7340265611,97
7348423063,241
7351582573,178
7353182081,277
7356897515,79
7360640307,241
7361871967,124
7363685084,115
7367179162,259
7371783810,250
7372138824,115
7376205800,268
7379161087,142
7380289741,151
7383531522,268
7384049099,178
7390151112,106
7390713601,52
7396607695,97
7400247618,43
7405591900,160
7408309992,79
7415822110,52
7417799696,79
7417990986,70
7419619972,295
7422022616,70
7422469019,97
7424244100,160
7426172477,43
7430105097,115
7436295297,88
7438554054,250
7439668098,70
7448768749,160
7449846339,268
7450947253,61
7453115476,151
7458247446,142
7461298058,88
7465063909,205
7466080510,70
7467750113,115
7470040015,160
7472664370,88
7473127601,259
7480444152,169
7482202224,178
7483097401,70
7489076374,196
7495803116,124
7499837117,277
7499970805,178
7500801049,196
7502279572,43
7506475981,241
7506834240,61
7512170058,70
7513381380,79
7525314877,178
7526063948,241
7532905545,115
7540870259,61
7547584948,241
7549963020,259
7555436799,241
7556008313,214
7562743038,169
7565486468,223
7571363594,106
7572183462,304
7572574799,79
7574913597,52
7580404105,70
7581495939,268
7585120101,205
7585841583,43
7588905072,214
7589463071,52
7589572951,61
7592835511,205
7596713088,241
7598690096,61
7599259114,250
7603922103,61
7605340606,313
7612929073,133
7613114786,151
7615702511,151
7620124078,295
7620391005,160
7622537700,70
7626264539,133
7628574093,115
7635783993,124
7638464589,70
7640414108,124
7644734022,52
7644890566,106
7646372420,52
7651111217,214
7656985939,160
7662035922,142
7663821603,43
7664030464,160
7664193275,133
7665202574,142
7675722567,43
7677176000,52
7677228755,313
7679310355,79
7680479506,295
7684190059,187
7693653098,124
7694391048,277
7699375397,259
7700336471,322
7701291373,214
7703996574,106
7706303567,178
7707300493,241
7719434036,232
7725201251,43
7733027221,205
7733318094,97
7735373201,124
7736761721,106
7744250614,70
7750179361,43
7750599908,151
7757277873,151
7758187237,304
7764456619,259
7765653096,43
7769092533,88
7774073908,79
7779275582,304
7780152910,313
7780182083,115
7784086309,88
7785463708,178
7787828617,52
7798467369,142
7798491492,70
7799875118,43
7803668505,52
7808404866,97
7809896828,259
7810839097,196
7811009106,43
7813646585,259
7813965216,187
7815878076,97
7816627057,97
7820212977,133
7821500497,133
7826166451,304
7833349764,250
7839184047,295
7840748001,232
7842054110,295
7844382004,169
7846433338,133
7849727039,295
7853104546,115
7858143589,115
7858938569,115
7860316947,106
7861139384,313
7865420075,277
7866354432,205
7868262618,151
7871106566,232
7873499524,52
7875756982,151
7878194078,142
7881121524,268
7883808258,295
7884978545,151
7887852432,70
7889944714,196
7899351066,106
7901826450,214
7906366567,115
7907057018,70
7908924484,97
7915490610,115
7920296451,106
7922034067,61
7922876611,160
7925225979,115
7927293086,124
7929616898,313
7930768961,178
7934058901,61
7934466736,61
7935082388,88
7943214073,232
7947531397,151
7949532090,160
7951418990,160
7951832618,133
7954412925,322
7954894910,178
7956153918,250
7959468503,205
7961237929,313
7961946595,259
7963626848,268
7964848059,169
7965443588,268
7967868597,295
7970366855,97
7973341986,187
7974734044,187
7983515482,142
7986205589,79
7987762403,295
7987860890,106
7991578026,196
7999675540,214
7999897438,133
8006362100,214
8007943501,52
8009669470,115
8010975867,313
8012498987,295
8014375735,88
8014691108,61
8019071574,88
8020475754,169
8021396513,169
8026486354,178
8032419297,304
8033992065,106
8042118119,43
8049594204,259
8051442772,196
8052926655,61
8053650733,241
8055638584,61
8059093530,151
8059351053,151
8068319520,88
8068360326,322
8069866020,124
8070318098,232
8073794975,304
8075888958,106
8076010891,205
8076121600,43
8077139771,232
8080210434,88
8081266285,79
8085655031,61
8086114744,151
8089642492,178
8093993920,115
8095691429,205
8099483521,268
8100065698,142
8100170550,196
8101083449,286
8101811615,295
8103249090,277
8107011086,115
8108422098,178
8109568559,241
8113506116,187
8114189593,160
8116438001,187
8121989429,214
8129392073,88
8132632077,223
8136476384,115
8139611583,223
8149555382,133
8150309906,241
8154424108,268
8163927300,286
8167128912,250
8171403820,277
8173486601,250
8173603834,205
8177135372,124
8188185543,286
8189937402,286
8192576812,259
8192768590,196
8193216079,277
8193593554,304
8195337611,61
8198235262,259
8198601607,142
8199275592,151
8202203534,61
8202860360,322
8203053255,178
8204035549,142
8211612059,205
8212434595,70
8214536310,88
8219296113,178
8219680810,187
8220275371,187
8223889934,259
8226052949,232
8229736096,286
8230923066,214
8231218327,169
8233765358,106
8234475078,178
8236233232,106
8240275523,52
8242401501,169
8245703971,313
8247076589,313
8248257056,277
8252824506,223
8256330088,205
8256607802,313
8262233535,124
8266089776,178
8266541506,142
8270584219,88
8271027099,52
8272873304,232
8274249777,124
8275070617,115
8275850968,124
8276386605,214
8279050260,133
8279914355,151
8283201085,313
8285975005,133
8288160892,106
8289837536,286
8290482115,142
8291378057,61
8291999568,52
8296151894,241
8305423107,61
8307295520,205
8308799354,70
8313449561,52
8314844588,151
8318681570,277
8321763738,151
8324146874,70
8327730015,259
8328779119,61
8333535518,223
8337243970,151
8344209909,160
8345168812,169
8348005551,277
8349181432,259
8349936916,142
8355413008,277
8357273605,43
8362921104,187
8364379779,79
8366237606,286
8368901009,88
8373645442,232
8375945082,232
8379257109,79
8379356617,322
8380043616,43
8380305539,178
8381763613,313
8390987374,286
8392481006,241
8396174046,115
8397324068,304
8406138516,313
8409433528,52
8413368934,268
8418272027,196
8425001068,304
8428125479,286
8429049788,196
8430683509,241
8430752852,97
8437266309,151
8437313838,133
8440552118,142
8443550095,178
8449484092,61
8453632503,286
8453923587,97
8454659610,142
8456349981,124
8458322735,115
8458635045,124
8459456045,295
8461335473,88
8462775517,70
8464453349,286
8465702089,250
8469295825,115
8478523082,106
8480548947,223
8482335034,250
8482977437,178
8486190183,169
8491655102,160
8492753573,79
8494119455,115
8498462060,259
8498508908,277
8504359026,133
8505850853,232
8507106105,79
8509340603,115
8512618249,259
8512711363,124
8515836594,169
8518767997,61
8519268174,124
8525977082,61
8527199234,52
8527668978,223
8529221289,97
8533539095,223
8534829101,304
8535674954,133
8536320597,223
8537753015,322
8538877590,313
8540869620,52
8542823953,97
8549979114,178
8553333496,241
8561725073,250
8564090095,142
8567232529,268
8567291113,106
8569682313,115
8571244434,61
8574363965,142
8577979945,241
8579391190,61
8579624565,214
8581238372,241
8582529529,196
8583256030,79
8584148590,268
8586585904,70
8592907079,133
8593174599,250
8598561614,142
8604064618,151
8608683290,79
8608748083,241
8614943516,61
8621033620,250
8622757561,43
8625112422,178
8630429307,106
8630742787,268
8636253357,277
8637400502,88
8638300388,160
8640798028,97
8643629614,70
8644858883,151
8658511447,214
8660096111,43
8671063562,61
8681511352,115
8683057977,52
8683163311,250
8685616039,160
8691652496,268
8693789429,268
8696072972,214
8698609551,151
8704519392,259
8704754035,88
8705346558,43
8705375620,295
8719489344,79
8723892041,295
8726214015,178
8729877560,259
8730506254,106
8731284827,151
8733278463,79
8734604618,259
8735053613,115
8737119898,70
8737219586,52
8738871113,223
8745343228,241
8749100617,79
8749843379,205
8754480894,232
8757525548,151
8758025578,322
8759103119,178
8762135499,142
8763954922,133
8765388283,52
8767736381,250
8768408922,187
8768658812,106
8772541777,259
8775404108,52
8778492485,286
8778725543,322
8785301043,169
8789438942,205
8790026096,160
8792296039,286
8797571609,142
8799004967,88
8802975548,97
8805786102,52
8810623582,259
8813934608,52
8814241982,106
8815524602,43
8815854999,259
8816687116,169
8816705097,151
8818896562,70
8831278093,196
8836919061,205
8838006050,106
8847777614,277
8847940412,259
8848650473,142
8849693425,70
8852065394,106
8852327102,313
8853429508,250
8855176932,61
8856101976,160
8857176109,97
8861982272,196
8864718526,214
8865872022,142
8869249449,241
8869977099,133
8872281605,223
8874492120,277
8876924586,322
8878110436,160
8879489365,52
8880015573,232
8892925086,205
8893034989,124
8895484941,304
8896265606,205
8899850087,232
8900422980,52
8911734885,205
8912554119,52
8919763985,124
8919845919,322
8920884797,160
8925911593,196
8929253225,43
8932122065,277
8933252947,205
8935838606,52
8936632509,277
8936928933,277
8938240394,187
8939759493,124
8947884950,169
8948660109,79
8949225041,133
8949562117,169
8951535298,79
8958147479,259
8969133088,304
8969528405,187
8970384482,241
8975834608,106
8987190593,205
8989689518,232
8992399549,277
8992858512,259
8994111328,52
9000234620,106
9000845422,259
9009436071,322
9010512994,322
9016308560,52
9016948464,124
9018343615,151
9020391375,133
9022776941,79
9031457435,43
9031550813,196
9033480007,88
9034398009,115
9036055614,286
9039877614,52
9040871595,232
9042251085,241
9042621891,214
9043104504,313
9043203110,241
9043354345,160
9044329134,97
9046519558,142
9053145360,124
9055028116,115
9055485464,151
9059234063,268
9068428813,295
9070958417,43
9077370077,313
9082259113,187
9083206871,178
9087125843,61
9094038460,52
9095987082,196
9099423102,115
9104426038,106
9108274899,142
9111688355,52
9113811373,205
9116365085,250
9116458444,250
9118778530,241
9119796527,79
9119826113,232
9125622499,322
9131185807,124
9135954095,151
9137643326,70
9140535168,52
9140657016,277
9143644043,169
9144799406,178
9151005928,223
9155305771,79
9156603241,187
9160855735,52
9163463928,259
9166263013,70
9169500596,268
9170873595,97
9171425946,205
9175987889,223
9177881552,133
9183202960,97
9187796608,160
9192211054,142
9195886946,70
9196323064,196
9196780620,43
9208391103,313
9208896620,43
9209498607,70
9210017750,124
9210326842,106
9211126353,178
9211411089,268
9215767596,169
9225709988,169
9226168785,250
9229513585,142
9229780897,124
9231841586,142
9236763509,187
9238023974,52
9243280946,214
9246408503,70
9249200948,43
9250310464,250
9251656336,295
9252882239,259
9253325119,79
9257568793,295
9260276569,43
9267768914,295
9272545103,259
9276342247,295
9276883616,43
9278424891,124
9280769605,133
9287261907,259
9287453518,160
9289847608,205
9290233574,196
9290637915,160
9294631553,70
9296885482,304
9298053358,106
9301246591,52
9301334102,106
9304331580,142
9310413506,250
9316313445,70
9317435955,214
9319064584,70
9320737349,286
9324635899,88
9326081580,133
9328174816,124
9328595043,169
9337718001,286
9339770977,79
9339777029,43
9341903098,133
9344808848,79
9347007620,313
9347955984,70
9349741589,250
9350003076,214
9351990617,295
9353807488,106
9358809617,124
9359840037,322
9363145593,115
9364882917,142
9371629115,313
9374475112,268
9379036555,97
9390962089,97
9391780424,322
9396864337,115
9397034035,322
9403079405,205
9406651450,322
9410768983,160
9417960980,142
9418944260,160
9419384441,250
9421388932,295
9422820085,43
9425235858,178
9427076062,268
9427646437,295
9429439958,187
9430063470,151
9431116548,97
9432893063,214
9437238394,196
9437552439,106
9438175418,178
9438629438,205
9440651591,43
9446780915,70
9446944521,196
9447724115,52
9454595568,178
9456886677,268
9458112577,52
9458124458,52
9459586916,142
9460223044,196
9460554987,115
9463353458,223
9465680088,304
9473146077,313
9474143456,214
9477461759,214
9481247825,43
9486334953,169
9486684904,124
9488579616,250
9491099540,304
9491732006,142
9492866886,88
9493403109,322
9494729111,70
9495467952,142
9496798454,232
9497658539,142
9499847843,142
9504370371,304
9510051873,196
9514636203,43
9516242984,61
9517138001,124
9523170347,205
9526208511,88
9526261341,151
9526302483,160
9527853538,79
9530041474,232
9533824598,232
9537544229,88
9537970277,142
9539902606,196
9543539533,304
9548062885,70
9548386668,259
9550949936,205
9553381940,277
9553917458,277
9557012994,106
9557658437,295
9559001473,88
9560980601,61
9564174604,259
9564814426,205
9566201273,196
9566288620,133
9569262344,322
9569681572,295
9570735438,313
9573941887,61
9574577087,79
9581064599,70
9584968019,124
9585032595,169
9585078956,124
9585502847,313
9585624787,70
9586321463,313
9588712720,70
9594394616,169
9596444572,160
9596834881,169
9597253573,250
9599126860,196
9602850325,313
9607204351,277
9607880615,88
9609919929,61
9614821462,61
9618214549,295
9624268621,124
9625212434,178
9627511227,52
9631493451,268
9636293307,142
9638303073,142
9647416747,133
9648935117,178
9650469474,187
9653997616,88
9656161753,142
9658355099,259
9659601110,79
9664140578,205
9665405521,97
9666401117,61
9666658051,277
9668619394,205
9675123082,205
9677618992,70
9678714605,70
9688219959,205
9696348516,178
9705913028,133
9708441897,106
9708804052,205
9712732745,151
9717277530,61
9717700583,259
9729216971,268
9729869465,304
9730573113,286
9738659079,97
9740283612,106
9742854118,160
9745049495,52
9750839304,88
9753090607,295
9759997617,106
9767003975,124
9767952120,214
9768347326,214
9775036491,232
9777202051,106
9789090620,124
9796967555,268
9801678378,214
9811056241,196
9816859116,169
9817236871,151
9817444887,304
9823014979,142
9824479389,268
9826365024,223
9827357844,322
9834711597,124
9836527617,106
9842267870,142
9843416567,142
9843636951,286
9844311491,133
9846260669,160
9846651569,169
9849263506,313
9850293193,160
9853801612,187
9858028111,52
9858732016,115
9863063847,61
9864872403,169
9866767999,97
9867612849,277
9869661104,286
9871400573,88
9872309584,79
9872717894,79
9873713878,304
9877233287,43
9880458910,277
9884374053,178
9894696979,124
9899107057,124
9902122923,142
9903211090,160
9904765399,115
9910228664,160
9910293080,97
9911551311,205
9923351491,160
9931916114,160
9933381457,43
9933833831,160
9934048961,79
9938084924,142
9941175519,304
9941987458,241
9944096090,43
9946833870,241
9952158393,106
9952605362,160
9956493568,97
9958078509,115
9963196445,79
9966089798,277
9966148117,160
9966777850,241
9967966742,79
9977529861,205
9977669439,313
9981091463,151
9982152035,169
9989187550,70
9991488496,151
9996122494,97
10009029099,250
10010928249,97
10013551755,97
10017185563,142
10017232009,277
10018341034,295
10018668352,241
10018934009,142
10020247562,52
10021870613,151
10025812968,196
10027770069,295
10032826114,97
10041217028,142
10042207064,277
10042708609,214
10045261319,70
10046006613,178
10051671797,43
10055353988,223
10058441068,250
10063015334,295
10066141609,313
10078424269,205
10080782523,223
10082047829,277
10085356060,61
10086231613,241
10086958824,286
10089923548,52
10090336429,196
10092217199,205
10097588516,106
10101087469,88
10107980898,232
10117450075,250
10124211595,241
10127112575,223
10132893518,205
10134804439,70
10135402902,79
10140918453,214
10143004105,142
10145865519,205
10146315551,124
10146943448,160
10147002100,88
10149886300,106
10150794151,88
10155385986,322
10158274059,115
10160662870,142
10164295398,160
10165972943,304
10168079702,205
10173605519,124
10174010935,70
10175973016,160
10177924908,259
10181619488,241
10181780420,250
10182509385,106
10185923611,214
10191250618,106
10192286050,286
10193094107,115
10193872619,124
10194693094,151
10196241059,187
10201129931,115
10203348614,241
10204352518,304
10208725794,160
10209184780,79
10212271002,268
10213155992,88
10215338655,43
10217537949,250
10222200259,232
10223234497,223
10223379537,124
10227841337,142
10229553566,295
10231142752,79
10232669279,79
10233240780,160
10235659567,52
10240578442,259
10242250353,205
10244559892,277
10244711177,250
10246115117,142
10247398030,196
10248065616,61
10251147098,232
10252384506,115
10253235071,151
10255665972,286
10259009552,250
10261631602,151
10263491119,169
10267928042,133
10269367150,88
10270898556,313
10274185591,313
10274382906,277
10275355848,142
10278732161,115
10282359429,79
10285909966,286
10287046010,223
10290639120,223
10291907309,97
10292654086,79
10295263929,106
10301260073,133
10302636008,286
10304165835,196
10308217079,169
10322310489,178
10328361266,304
10331397970,160
10334048571,97
10334763938,169
10335777007,295
10340028475,205
10340889779,286
10344246573,250
10352801110,70
10353117385,151
10360063443,61
10367665892,169
10372028000,61
10372738616,52
10373698937,79
10374105800,268
10374396587,232
10377774615,313
10378350919,160
10381877502,61
10384614595,79
10384887503,97
10384997868,295
10385338613,115
10387347820,106
10395664548,88
10395851239,169
10396199593,187
10396939418,196
10397171104,313
10397988500,79
10398876118,52
10399310488,43
10409599554,133
10411686618,52
10413767405,142
10416807275,88
10421066451,196
10426057530,52
10426109418,88
10427421495,259
10427911565,142
10434821614,115
10436159371,259
10437531971,214
10448767073,88
10451087464,313
10453537302,196
10460905587,70
10461964881,61
10473094542,250
10476248891,97
10483801083,277
10489068533,295
10489378031,43
10495024026,52
10495106596,70
10496190040,178
10498438046,268
10499783355,196
10502383960,304
10502559110,214
10503168082,115
10505444299,205
10506810956,79
10510797582,187
10511106894,124
10519737503,151
10521759486,160
10525979045,286
10527480505,70
10538555436,295
10540874616,160
10541322219,178
10547152082,52
10547886846,169
10551234552,232
10552871036,241
10557302097,79
10559944558,79
10560235531,241
10561017938,124
10562330096,52
10564735042,250
10576147087,286
10578534109,61
10582366315,187
10594353808,259
10595213582,178
10599026070,286
10609001592,61
10610472356,79
10611478050,160
10616396739,52
10617361569,151
10622710500,106
10625790065,142
10627946983,106
10628702915,52
10629463743,160
10633711104,133
10634275570,79
10635087496,223
10639656807,214
10639686423,268
10640488268,295
10645082087,169
10646282472,295
10651901329,61
10665265500,304
10666118077,52
10666362027,187
10675947436,43
10676399761,241
10676774363,295
10678276374,286
10678521248,97
10683617024,124
10686205328,277
10687648040,133
10687880076,106
10691824249,61
10692138343,106
10700849587,322
10704691006,178
10705818099,43
10708862327,70
10718937544,277
10725917206,43
10732004003,313
10732259848,151
10736148096,259
10739657114,187
10740910015,286
10741651002,151
10744040560,70
10745636439,205
10749317094,205
10752191618,160
10752675782,304
10753175851,250
10765759540,52
10769843080,259
10772221951,43
10773648592,223
10778740524,232
10779235516,241
10783545467,214
10788917041,43
10790912442,43
10792675620,268
10792774608,115
10793048421,142
10802700808,61
10804793438,169
10807340058,241
10809560888,259
10810796097,52
10811544120,133
10814397592,322
10822990444,115
10823727856,322
10825332001,259
10826301980,124
10827254939,142
10827720971,304
10829679417,268
10830973611,79
10831008872,43
10832175568,124
10832681104,133
10835084089,97
10837348014,205
10837829981,88
10838423552,241
10843293035,277
10853639138,106
10853947920,313
10857212539,52
10861667971,196
10864144577,313
10865411868,43
10866948030,178
10867401428,259
10871285523,223
10887648062,214
10890492507,115
10891083107,268
10897351522,43
10897758113,70
10899262617,43
10905747554,178
10910117575,313
10910129546,205
10910716716,88
10915844116,79
10916324339,142
10917963921,178
10919158497,160
10920444422,187
10920823367,160
10923306516,304
10936180651,205
10938222406,52
10938670976,214
10939899547,223
10943287296,196
10945531030,79
10948527899,142
10951632835,178
10951650864,160
10952386619,223
10953436792,151
10958988393,322
10959383418,79
10961740420,97
10965181561,70
10965966509,295
10969200471,205
10973933096,142
10976223283,304
10976831371,241
10978338529,106
10987398575,322
10987903456,232
10987920941,250
10988689556,196
10995025978,142
10997618541,61
10998262186,304
11008162217,295
11010414071,142
11013329536,169
11013783900,196
11015907275,178
11016000437,133
11018807378,115
11019557223,106
11021504612,322
11021942922,106
11024081613,97
11027311681,52
11029473418,322
11032409861,259
11035530377,133
11036583892,160
11038285593,241
11039543097,187
11044893109,250
11046078355,106
11058342062,178
11061478874,70
11065104711,214
11065850805,223
11066125457,250
11066569020,115
11069448206,259
11070478527,322
11070857520,196
11072399120,133
11082931901,151
11087939087,214
11088278110,70
11089461813,160
11089950537,52
11089956616,70
11092460892,250
11092763040,142
11094052377,259
11097144014,178
11098221109,187
11098763027,241
11099228781,205
11100419253,304
11103832880,187
11104246074,241
11107263924,142
11110209648,223
11112920966,169
11115442762,151
11120269600,97
11128663994,160
11131958296,160
11134231373,79
11139624602,304
11141615093,151
11143549617,160
11144369565,88
11145556501,304
11145662473,187
11150686620,133
11151984099,241
11155850016,286
11156598869,160
11156737082,196
11157468848,43
11160590120,295
11161928968,97
11167122854,61
11167413569,187
11170594079,142
11174789610,79
11178269206,196
11179487611,52
11179888002,322
11180206514,187
11183349938,268
11190117906,61
11195080797,223
11197914535,169
11198881032,106
11209887433,178
11213546489,106
11214300078,52
11219815397,61
11220188045,214
11226684579,124
11230408576,43
11233182958,205
11238548020,43
11242906108,52
11245602076,106
11247952076,43
11250131024,232
11252547998,178
11252816815,169
11253358576,142
11256499040,259
11259612288,214
11269919617,286
11270827599,52
11274070841,160
11280532394,214
11282118094,205
11282478246,286
11286405499,106
11290347923,115
11291522023,187
11291847477,106
11292649072,268
11295476608,169
11298408918,115
11299097473,187
11299411447,133
11301864443,124
11305361544,79
11306100829,250
11307739880,160
11322611504,115
11323888079,286
11327950849,43
11328440348,313
11329792670,79
11332207036,268
11334046716,322
11336511822,205
11345175597,277
11346266080,43
11348364049,61
11353353534,61
11356136895,88
11358563568,169
11359293350,286
11360623310,106
11365767120,160
11366125961,295
11368519384,151
11370549086,115
11371756616,115
11373680066,133
11375581902,124
11377274537,295
11378382857,196
11386759497,250
11390698703,304
11393498879,115
11394253885,268
11401189063,43
11409150517,286
11409337675,70
11410413099,241
11410569730,223
11411852353,70
11413546910,277
11414417059,205
11416471478,160
11424301987,313
11426859891,232
11428649899,223
11429567378,241
11429970881,61
11436283251,133
11436324085,97
11439087017,61
11441865525,223
11447272086,304
11448749920,97
11456151505,232
11456390089,286
11460218564,313
11470800594,106
11474766234,88
11475143997,151
11476300244,142
11477153012,295
11478506111,205
11483899593,43
11485318094,214
11485736612,61
11488491055,286
11491174095,79
11493497529,214
11496068236,79
11496848106,106
11498715293,115
11501778966,151
11515729364,115
11515781605,214
11517536951,277
11519295868,142
11521768916,178
11523828864,304
11523939935,115
11524567612,196
11525474002,79
11529713016,295
11532118045,241
11542866591,88
11543034581,97
11545485014,106
11546592080,106
11547344351,88
11548368065,106
11554152816,187
11554494546,70
11556067536,88
11556780524,52
11558966075,88
11561943908,151
11563070849,61
11565251108,52
11566838949,142
11566845001,52
11567317529,106
11570869512,268
11572035423,295
11573242035,133
11574859574,61
11577299771,232
11579919433,232
11580472108,232
11584569383,79
11586333969,232
11586630027,151
11588415755,97
11589212348,61
11598210535,196
11604188167,313
11604647911,214
11605909249,169
11607291581,106
11609126050,61
11611781069,79
11613862465,295
11622792778,169
11627934036,250
11639980044,70
11644007338,115
11646816217,106
11654808964,169
11663094467,313
11665227972,187
11665779610,88
11669013439,97
11679820899,115
11684584033,277
11688600975,322
11691636965,106
11699653245,277
11701138897,322
11710627534,232
11712882387,187
11713530879,52
11723884616,241
11724220207,106
11727685856,205
11730846928,205
11732680362,196
11733022601,160
11738244566,124
11738517568,142
11740962876,232
11744600747,106
11744724404,196
11745610612,142
11751277434,196
11754018871,250
11760751292,97
11762364442,250
11762457538,223
11762735919,61
11763336851,115
11764018549,259
11772335952,223
11775346917,286
11775393752,295
11775722114,178
11777916618,115
11784777856,142
11785417578,250
11785867447,142
11790340776,196
11793064876,205
11796571465,268
11796675393,223
11799436115,286
11800590336,43
11801178910,187
11806826526,43
11807449342,214
11809773113,205
11814344992,151
11820893109,214
11821673065,88
11822578470,223
11827028050,169
11829245098,61
11830099000,115
11832283844,88
11832663018,313
11833494114,70
11846374253,79
11848750549,214
11852802592,106
11855160040,205
11856125065,97
11856400026,205
11861008903,241
11863105586,160
11864216999,43
11864932530,187
11870054094,232
11872657305,322
11876923806,196
11879581808,88
11884043617,187
11884978090,70
11892796595,241
11896749932,169
11897402357,124
11911777500,286
11913222098,304
11928151307,70
11928865866,124
11929203997,151
11930016060,142
11930318361,286
11930613068,178
11932199989,322
11932816051,79
11933798414,151
11935462393,286
11945175924,214
11947823998,259
11953832016,241
11953930924,286
11967397575,115
11968273619,205
11976628690,79
11976675075,259
11977232884,196
11977935922,160
11981431052,169
11981745773,169
11983189023,295
11987918289,133
11989209117,97
11993262553,133
11995038778,205
11997466253,52
12003053440,88
12003862020,151
12007041099,124
12007512599,196
12008413080,43
12013619564,268
12015593961,88
12016255931,187
12016494679,61
12017925321,97
12023153532,241
12024313751,187
12025464038,61
12026467500,295
12027970034,304
12028768914,178
12030184603,196
12032642412,196
12034616042,142
12035704223,61
12037486525,106
12038770456,232
12041076616,133
12045537377,79
12047207616,70
12054308433,124
12054674703,259
12057852484,151
12063849471,52
12065339851,124
12066591020,241
12066643893,178
12066927426,178
12068286836,115
12069456415,259
12071840613,52
12073328587,304
12074708016,322
12077508993,88
12079207024,214
12082761498,106
12083692273,133
12085204478,250
12085629112,79
12093047810,178
12102834867,133
12108344032,232
12108514107,97
12112243249,223
12115013101,241
12122912119,322
12126802513,241
12129554580,259
12130462120,88
12133850465,43
12134093885,169
12135500993,313
12137512566,70
12138945109,115
12139447094,115
12140957530,88
12141178609,61
12141510280,178
12142919577,43
12143333212,160
12146176968,142
12148150039,106
12148900597,124
12149167027,241
12149404620,232
12149647867,196
12152263809,124
12153139559,70
12156940620,322
12159211109,142
12160969047,259
12164747517,142
12169955109,52
12174277881,169
12176116896,79
12177012981,61
12178011071,196
12180883470,286
12183566068,124
12183775969,43
12185401575,304
12185634780,124
12189197559,124
12189394612,304
12195503953,70
12195794006,169
12197272816,133
12208058559,304
12210166890,79
12211116539,43
12211151612,313
12214111026,160
12217899598,295
12218404436,259
12218823119,169
12219630093,178
12225640211,43
12229674073,61
12230122612,205
12238400864,232
12238651011,268
12239087678,97
12244335390,295
12246290112,259
12249120783,232
12249207519,241
12249562105,61
12250308543,70
12255599497,70
12257405575,214
12262070479,178
12262868555,43
12264690452,124
12267152400,232
12268491601,214
12268963546,97
12273114602,295
12282426997,124
12292299881,241
12297434513,322
12303463239,322
12321054569,178
12322234779,286
12322894313,61
12325049758,61
12341114098,205
12342845769,142
12344154611,196
12344956589,133
12344986109,52
12348492944,97
12349572487,88
12354939528,151
12355854115,223
12361666861,61
12362590861,268
12366130538,79
12367266329,214
12371179672,70
12379453616,142
12381626316,232
12388314077,304
12389128093,79
12390353514,250
12392636095,97
12393211050,259
12393508549,52
12397994216,178
12400788956,277
12402142414,268
12406642442,196
12409958692,52
12413962614,52
12415530503,295
12416499545,88
12418244334,151
12418279543,223
12425263612,196
12428474713,232
12428843189,70
12430601575,304
12432176581,70
12432468090,295
12433729576,250
12433793502,43
12436077950,124
12436931053,232
12439128111,160
12443664289,223
12446320183,286
12448089596,43
12448461948,205
12450685107,151
12452425527,61
12455751395,115
12458582050,124
12459443520,97
12463743999,268
12468936612,295
12470235430,304
12474363467,106
12481027066,169
12488879553,214
12489876609,79
12490720554,106
12491625934,241
12491917072,286
12492347576,277
12494858815,304
12499245461,52
12501794558,322
12502672575,79
12505627548,160
12505766422,295
12507126684,295
12507249565,88
12508515845,133
12518374150,232
12523731592,313
12524841796,106
12527411425,43
12528155582,169
12532250091,43
12542285749,97
12544560392,142
12545909886,124
12548614214,232
12553705709,241
12561760082,97
12562551580,268
12563511915,151
12566008407,268
12568103523,97
12569669059,250
12573740090,43
12574192385,133
12582806016,115
12587452755,160
12590093109,70
12591704019,43
12594976311,124
12595691092,97
12595766436,295
12596056544,79
12601646522,304
12603001374,43
12606171447,232
12613556021,232
12613924952,52
12619158281,259
12622939069,205
12627496396,223
12628784099,151
12636088119,232
12650145415,187
12651122562,61
12652492596,43
12653209561,295
12660502433,169
12665959932,106
12666157430,277
12666628114,97
12667121383,115
12670486284,178
12674790112,295
12676226815,142
12676413967,250
12677301936,115
12677915517,196
12679336117,250
12679917456,196
12679952504,61
12680849558,241
12684159554,115
12687567101,223
12688543757,43
12689701578,61
12694282385,241
12695675006,142
12695855304,124
12702808020,43
12703926426,151
12703955919,169
12706878371,133
12707059095,178
12707321854,259
12708043107,160
12709214597,61
12713307291,124
12714374606,214
12714589570,196
12734652343,223
12741689017,52
12744637631,52
12745130555,115
12745236113,43
12745690456,97
12748773825,52
12751950565,169
12752020074,241
12753440028,61
12755840485,124
12758681085,286
12759175614,124
12766436413,268
12770383601,205
12774603461,196
12776269096,151
12777047109,250
12780655082,142
12789967229,115
12792155701,214
12793151906,151
12794515021,88
12801288873,232
12803050463,142
12803267055,322
12804236491,169
12811440981,304
12814785686,178
12815159118,70
12819128041,106
12822658248,106
12828028168,106
12830114478,43
12836104583,61
12836675787,304
12838198343,196
12840639407,43
12855269418,250
12856138717,295
12861569363,97
12865711606,106
12867638903,214
12868493523,205
12869507217,187
12871383536,106
12876075542,277
12880466308,115
12883782367,52
12884401612,52
12885742601,187
12895635315,196
12896520577,169
12899002359,133
12901792355,250
12903245848,313
12904705539,178
12921466543,43
12922427527,205
12923131508,169
12923713433,268
12929978111,133
12931065397,97
12931083244,151
12936038114,133
12941633099,187
12945600610,178
12959988916,151
12960017930,151
12963960104,322
12964989316,205
12965373029,205
12967095619,232
12967231250,52
12980818954,151
12981253553,106
12982094101,232
12983145641,70
12983920040,70
12990466120,259
12995805926,115
12996925510,205
12998710973,286
13000097584,322
13001722423,52
13007359264,61
13010281242,268
13021294072,304
13023530100,97
13024946554,223
13024958597,178
13025723552,169
13028760593,79
13029066500,268
13033702419,304
13034081606,187
13037647831,187
13038578620,115
13039494367,151
13041561803,160
13042260060,313
13044004062,70
13045646590,115
13048076965,250
13049082037,97
13049629489,295
13060830872,142
13060843048,88
13065539117,43
13066109563,124
13069429022,241
13071549509,61
13074798911,313
13074979032,277
13075118064,223
13075698609,322
13081316519,304
13082523441,259
13085980755,115
13086214351,169
13087688230,115
13088725011,70
13089421895,268
13091664061,142
13092643116,106
13093323795,88
13100401560,214
13108915990,160
13109236817,241
13109684067,70
13110724362,124
13115134966,115
13115194111,61
13121252568,79
13126211008,43
13129829986,304
13130379295,70
13133966941,70
13141389596,79
13141599611,88
13143030097,115
13150033901,160
13152973083,142
13154810467,124
13157234988,223
13158769795,79
13161262618,250
13162773085,106
13162871921,178
13164208059,61
13166122594,52
13169256581,52
13171111118,277
13175649953,133
13184810415,232
13185768329,79
13190964522,313
13197391512,142
13201154974,52
13202167140,79
13214224059,115
13215503515,178
13217875892,142
13218788364,124
13218858093,259
13219348117,151
13220159498,43
13223372076,97
13225856754,187
13232416758,52
13233855559,259
13235998266,142
13236575244,124
13237237739,232
13239895090,295
13241205107,268
13242239076,205
13246207034,187
13252547102,232
13252604993,52
13253787616,169
13255333608,97
13261265533,250
13269346048,88
13275684795,205
13277741998,133
13279727198,61
13282674449,259
13283174517,160
13287379026,70
13293416095,52
13294750570,259
13294838937,286
13296960498,70
13298816118,79
13298873833,259
13299708081,232
13302331463,304
13303028578,277
13304390033,61
13306810023,70
13310706118,61
13314660601,133
13317915295,43
13319927336,133
13324141496,259
13328211976,187
13328888535,142
13330092390,124
13330762577,241
13338373087,88
13339181611,70
13340183618,160
13341328108,268
13345537373,232
13346540599,187
13351462941,169
13353947881,142
13354327580,214
13354619586,52
13356138013,196
13362760501,205
13381129425,169
13387800381,250
13392525562,169
13393714601,61
13397639522,97
13420924824,196
13426712611,169
13433219241,223
13435345103,97
13435380795,97
13436767871,223
13437961193,196
13438605620,178
13440798118,124
13442306575,124
13448229577,178
13450978567,169
13451497475,241
13452882810,70
13455540933,259
13455580970,187
13458884520,52
13458949608,160
13464160593,106
13464913507,322
13468315285,196
13469107506,160
13470166607,160
13473186301,43
13487990178,52
13490770399,115
13491362616,97
13493224609,70
13502008607,169
13503412025,322
13503842184,43
13507584035,295
13514580114,88
13521273111,61
13524580791,151
13526422599,43
13527000448,304
13527542494,124
13529095374,151
13534106051,232
13535802928,214
13537185567,187
13537562616,295
13540347469,61
13547179602,277
13563353596,304
13565053091,241
13568371067,250
13573035057,61
13573250080,88
13573942059,313
13575785514,268
13579192430,205
13580232231,106
13581248462,241
13584915218,142
13585933400,61
13589065065,178
13591009535,178
13592355350,223
13596148013,151
13603594616,70
13605545572,223
13606832116,43
13611746473,259
13612719506,160
13615275331,43
13617353339,79
13620143721,106
13624828566,43
13632775606,52
13635207533,295
13637378482,295
13640696046,295
13645988742,142
13646635102,61
13647187120,52
13648342005,115
13650522442,277
13650668592,205
13650692083,187
13653792400,268
13658461057,142
13662249470,160
13666242040,232
13667716612,196
13673384081,61
13674029349,187
13674379095,43
13675501967,151
13675757612,133
13676465097,295
13676938704,97
13681359792,286
13685321925,268
13685717015,268
13685951602,61
13692034805,214
13692186850,124
13695974966,214
13700890084,52
13703280397,115
13708556476,79
13712153981,133
13714008956,79
13716704785,151
13717769407,61
13719626229,205
13721716101,214
13723947829,259
13725211100,205
13727369600,322
13732178248,133
13737271575,88
13748454486,142
13750029460,214
13750576073,178
13757897959,169
13759773040,232
13764094810,250
13768672560,97
13768760540,214
13778402084,223
13783029555,241
13783794023,88
13784086060,286
13787295264,142
13791834234,106
13795020825,160
13797661596,196
13803069436,295
13809448470,304
13816532806,196
13826096413,250
13826598188,106
13830294602,79
13833020479,142
13838213476,187
13844600073,214
13845024897,295
13847212108,133
13850730500,223
13856533388,106
13859079284,205
13863831059,295
13864264602,70
13864503912,196
13866467592,304
13867146090,97
13870866296,304
13874869999,196
13875125550,205
13880561494,232
13881607620,178
13888138609,232
13888892428,214
13892079518,277
13896760560,214
13907500213,259
13920080620,52
13924482613,178
13932211350,52
13948555585,187
13950659203,88
13954567060,79
13956482886,295
13958127598,97
13961121434,304
13961458340,259
13965588533,232
13966408019,205
13973137843,43
13973492510,43
13986788261,61
13988554400,142
13989865378,70
13990382468,133
13993598004,187
13999828650,142
14009644810,169
14010446028,43
14016332062,205
14016827067,61
14020406043,250
14026864514,178
14029733059,115
14030274219,160
14030676580,178
14031794612,43
14036191257,313
14037022116,187
14037883869,52
14038835546,214
14039555746,286
14040273418,151
14041441424,61
14046104885,151
14046203008,88
14047898798,295
14050232087,97
14052335904,250
14059520301,214
14060443507,178
14067779895,79
14070630846,115
14074250607,277
14081356577,232
14088375452,322
14093551463,52
14096696045,277
14096927921,205
14099408030,43
14103797364,223
14108041110,97
14110155502,322
14110709087,304
14115816061,88
14123586492,52
14125582096,43
14130449108,79
14132008100,97
14137145213,61
14137772584,43
14149808437,223
14150887340,286
14154709906,196
14155192710,79
14157943112,70
14162595924,241
14173874563,277
14178136274,52
14178502996,97
14178566437,205
14184023847,214
14184589978,313
14187962036,133
14190908092,196
14192518589,70
14194029447,295
14194222844,187
14194878403,160
14201139107,196
14202255359,313
14203971063,304
14205481906,196
14207926567,97
14210832444,79
14213553589,79
14216058066,133
14220255915,223
14220628452,295
14224070841,160
14226443808,196
14231069464,313
14232379804,313
14234539329,232
14244401328,250
14244967460,295
14245991396,169
14248798921,61
14250415068,187
14255464065,214
14257211576,79
14257480413,79
14259752563,61
14265870426,259
14272258544,115
14277980968,232
14282719362,133
14285014337,124
14286477083,115
14286727528,61
14290493334,79
14294758472,187
14294863120,223
14298082413,79
14300671090,304
14301817083,133
14304134027,97
14305091824,223
14305657117,322
14307421346,322
14308362608,52
14309338571,97
14322391458,313
14322747095,313
14323531000,106
14329294754,88
14332715610,286
14332862531,115
14337479119,43
14337974267,232
14344559528,142
14347491090,115
14349717470,295
14350800572,295
14352601285,232
14354727596,160
14357227081,205
14358635296,169
14359505597,106
14360123113,151
14365768899,304
14366450088,79
14367611513,187
14369652435,241
14372989782,151
14382402976,52
14395674102,106
14399400072,286
14402963907,277
14405726114,52
14416519288,214
14416880967,106
14419092599,43
14422223006,106
14424233818,97
14424438617,61
14425575102,115
14432270165,61
14434291113,241
14439417503,250
14452922421,61
14454896095,268
14457598970,232
14458833895,133
14461272060,169
14463416928,52
14464954072,133
14466687102,133
14468696025,61
14470942549,250
14472014902,259
14479444092,232
14481417252,178
14482844588,124
14483300864,124
14487521024,142
14487725102,79
14489487586,70
14490346862,304
14491373978,322
14496130067,61
14496159001,52
14499256918,160
14501821364,286
14503124591,88
14503323533,196
14507085598,304
14513932428,223
14515820811,88
14518158344,79
14521400974,88
14524193616,70
14524332345,133
14530677807,304
14531267507,70
14533267297,142
14535960088,259
14537045119,52
14541937547,268
14543679935,241
14548704050,277
14549674518,79
14553494614,178
14554145515,205
14557849478,79
14558327116,160
14568020445,70
14568532612,124
14571186837,313
14572075610,295
14573846975,106
14574573998,106
14579006562,268
14581046453,70
14588273956,268
14591527843,259
14591679604,133
14592150616,70
14592806598,304
14592848527,250
14597886616,142
14603356110,214
14604525112,223
14605960602,79
14606612037,106
14607199100,178
14607641949,70
14610230107,106
14612894618,124
14617230918,322
14619713451,295
14626409614,106
14627584374,88
14630110955,205
14635035113,142
14635632612,97
14636782598,277
14637090459,304
14637730976,88
14643634501,196
14657420520,61
14660045908,52
14666880547,304
14668773351,205
14670093112,295
14677542547,70
14681415071,304
14681461434,268
14686000308,241
14688442895,205
14688872761,250
14692070692,250
14698715452,52
14702717881,160
14703491038,106
14703601561,115
14710195114,142
14711332850,133
14713252727,133
14717611818,259
14718200466,232
14719756492,115
14721654793,115
14723761602,133
14725297611,169
14726956082,142
14727976047,259
14730616792,88
14732971902,142
14733657768,124
14734830476,106
14735950230,241
14737428616,133
14743290240,43
14743802091,61
14743819459,70
14745642243,115
14747025600,79
14748108137,106
14750691081,232
14759861563,232
14765969420,178
14768233001,223
14769923398,259
14769946942,277
14770180988,313
14770963608,313
14774769780,295
14781538381,43
14784518852,268
14785336614,52
14787510529,97
14787773705,115
14788121543,241
14789114616,259
14793323035,304
14794348617,232
14802839100,52
14805829534,115
14807039939,214
14807747587,115
14813412620,313
14816960106,313
14821921534,196
14833305598,241
14840849805,286
14844312874,241
14844885609,70
14845915044,160
14846200080,115
14851957349,250
14853683272,61
14854177092,88
14858891977,160
14866453904,52
14867995421,214
14870791539,241
14872316975,43
14877335433,268
14879484546,151
14883464995,133
14884611068,196
14885063619,70
14889047116,52
14894174052,133
14894449036,97
14894939702,79
14897129436,313
14897854109,142
14900452071,106
14903506904,241
14905966609,223
14915436006,196
14923310853,322
14923680064,304
14924771875,214
14925421601,259
14925473565,214
14925677095,250
14926186117,43
14928647616,70
14932287110,286
14937494223,61
14939160115,52
14941046274,196
14943390354,178
14943612117,142
14944764837,232
14945782085,61
14946456566,241
14946665616,205
14949420959,160
14951578113,97
14953646610,88
14983601999,241
14985418421,133
14986203593,70
14989542610,304
14997968529,151
14999903057,259
15002994083,79
15011536665,52
15011560289,61
15012867255,133
15015590572,142
15017545914,70
15020927558,187
15027349915,313
15028635098,232
15032238933,61
15032558490,286
15033255931,196
15034645549,97
15035017048,61
15037756897,88
15046892446,79
15049159411,88
15051797055,97
15054800080,268
15058576575,250
15060394281,241
15066625499,178
15069485608,43
15069880544,97
15070822108,187
15075960005,286
15079256515,115
15079944275,313
15082284393,178
15088067616,79
15088917958,160
15089286147,187
15096812616,304
15099450575,295
15100122858,187
15100279974,70
15103363032,286
15104551279,70
15106273060,268
15107291524,106
15110139053,214
15110742694,304
15121442782,79
15121617584,196
15126743597,223
15128605618,241
15131321266,52
15133166578,178
15140342572,115
15143932116,43
15149037255,142
15151026555,88
15152358947,151
15153151510,214
15154034619,142
15156818262,214
15157799047,295
15158282594,151
15162471794,88
15163915032,88
15167030455,295
15172602736,160
15174122327,241
15176701310,223
15176776061,79
15178167909,286
15179003851,97
15180012501,133
15184178986,268
15188608582,115
15195547530,124
15204048605,295
15205490609,133
15210080550,178
15210911617,124
15217828570,178
15217846605,124
15219124609,295
15220383055,88
15220481925,187
15221695353,241
15221712613,124
15223350489,43
15223991075,115
15224049607,151
15226023566,133
15226180005,142
15227731006,124
15228996526,70
15234848103,313
15235287178,232
15237125884,124
15237899104,124
15239081373,178
15242403603,52
15243731738,160
15260871617,133
15262332002,142
15265200860,223
15272374608,133
15279038083,196
15281152548,106
15284072109,169
15284631836,70
15285450530,142
15286447891,61
15286698708,88
15289032929,187
15291608613,43
15291683400,196
15294578365,313
15294834417,97
15297698484,43
15298572274,205
15301850544,115
15304055816,187
15305384491,259
15310431451,124
15311644573,52
15313355118,160
15314383614,70
15319805090,79
15322090388,178
15324578588,241
15327745064,187
15329871985,133
15330180325,268
15333753868,277
15336706607,295
15339737437,259
15342495443,295
15343011781,142
15343047102,214
15346531485,97
15348900095,241
15349989959,304
15350273767,322
15352705044,142
15354241120,43
15354310116,322
15359333112,232
15366039066,178
15371928000,88
15373927554,61
15376318436,61
15378123091,142
15380794118,52
15382412037,43
15384683048,277
15387646513,223
15391005604,88
15391762568,52
15394212116,313
15396331101,88
15396757950,205
15406417494,241
15410752012,52
15412159118,79
15412798839,187
15413430474,169
15422055393,277
15432751203,205
15436055510,97
15438514001,205
15439329095,223
15444024972,106
15447101583,214
15448605937,115
15450312093,79
15456534413,97
15458020937,187
15458719218,178
15459347537,322
15459504450,97
15461309877,142
15462222269,178
15466647071,241
15467337999,196
15473823116,133
15479999038,88
15486819596,88
15487631595,142
15488232604,286
15493674034,124
15503756916,277
15507811713,151
15509535029,277
15510153388,241
15510321807,160
15518052034,115
15527885107,115
15531136002,178
15532292587,124
15532711352,70
15533986119,61
15536419102,115
15537724954,88
15539969599,61
15540457965,286
15545491486,124
15546905240,115
15548373111,187
15550461960,97
15550757047,43
15550769421,178
15551641105,295
15555614584,124
15558413560,178
15563527950,178
15567767602,304
15572496020,178
15574334423,259
15577918082,223
15580297253,124
15581014431,313
15582843440,160
15584920941,61
15586284116,151
15586452831,277
15589914094,52
15591595404,268
15592865086,115
15597583086,196
15600645591,178
15608731106,268
15609641411,277
15614961336,151
15615181021,214
15618948827,169
15621597929,205
15621948884,169
15625791110,259
15627212226,142
15638668199,169
15639487116,97
15644314972,97
15646271082,142
15648196535,268
15651277618,61
15653101957,286
15656215600,79
15656883464,70
15660624596,286
15665302594,151
15666043616,124
15670454782,286
15681374290,286
15684691093,313
15686276358,115
15686392510,133
15687609031,205
15688554943,205
15692355099,259
15695920925,43
15702727613,322
15708428475,133
15710806605,106
15712056994,268
15714055578,106
15714507087,277
15719943117,133
15721540328,313
15724038583,43
15729838253,250
15734262560,61
15735865119,88
15738521417,124
15742396589,322
15742489120,52
15742681438,313
15749356529,52
15750042936,205
15750102115,97
15751129473,70
15757205455,52
15758036110,205
15759846400,286
15764208491,61
15766511490,322
15767713050,79
15770872706,115
15773411616,61
15775029925,142
15778989033,52
15781498554,223
15783421530,304
15785378356,88
15785969838,70
15791973475,160
15793643100,88
15795303796,106
15795728085,160
15796709486,268
15798760924,43
15799216054,142
15802041046,322
15816698555,268
15818307609,88
15820412046,88
15820854013,115
15821904620,277
15823892021,43
15831149073,196
15833653584,223
15834269445,322
15838777325,142
15839904028,250
15841010587,196
15842201615,142
15845442370,214
15848184285,241
15851312710,295
15853224815,115
15854323519,205
15856408578,169
15859759276,97
15867903313,196
15871195116,106
15873397060,142
15884210340,205
15887384409,286
15887658547,115
15889901203,115
15893283449,322
15897170827,313
15901328548,124
15904814551,232
15905011825,250
15910820337,259
15911556105,70
15912213259,43
15912388279,277
15913753182,169
15914777591,223
15916607204,304
15917039092,133
15918293569,61
15923889425,88
15925522752,313
15925992017,295
15926613020,232
15928136620,115
15933255083,142
15936091913,322
15936822372,52
15939393114,178
15946023312,322
15948316362,79
15949443998,214
15949578115,106
15949700374,178
15950422040,52
15950761925,169
15960374472,52
15961652615,142
15964536067,214
15967427599,232
15971485475,223
15971781716,70
15980287032,169
15982462865,223
15987476549,97
15993254436,232
