time,gap_time
751607,27
4651579,52
4903090,99
5897591,36
7994008,331
14570819,81
16511554,79
18423000,9
27823070,70
28538562,178
38365604,0
38457503,250
39139105,0
39436873,61
41428809,9
41714561,9
44283080,178
49031078,0
51500294,99
52963619,18
56618004,151
58430745,63
62950101,27
63438818,108
68223281,63
68694614,18
77417023,61
78823390,106
80451380,198
90513482,79
91288434,106
92324465,331
96842102,18
97306342,196
98625095,45
100251361,90
101032831,0
106225569,9
106313097,9
117163934,250
123266447,169
129179089,43
129777614,90
132134611,0
133047094,97
135524087,0
136372619,115
136790595,9
141899590,36
143415525,216
145695991,223
145963905,241
146801928,43
146813620,133
154941898,160
155065103,97
156219096,142
157094946,43
159303095,79
159373831,18
160314434,268
161837594,250
163248120,142
165588391,268
168902716,18
174170388,18
174338526,106
177655535,81
177881692,18
177980437,124
178906001,81
179242976,9
183985845,54
189313109,205
189883081,223
192961483,187
194301784,52
199174949,97
199577300,70
201655929,304
201940548,124
203703620,27
204407438,286
205056819,54
210372312,61
210946799,45
212685069,106
219448567,81
219478104,52
220153608,187
220800339,178
224361889,151
226237525,322
227141019,18
228158273,36
229236296,135
232092716,0
232469318,124
240908918,124
241183940,81
241497056,90
242372786,126
245629441,133
246701556,45
248913088,36
249910473,196
252839452,268
253817030,214
256642018,295
258449070,0
266723294,88
266816612,133
269383691,0
271121117,9
271589602,18
273959040,9
274675868,126
280872531,54
281012028,196
290339620,52
290723942,223
291919411,151
292793775,88
297378064,63
302088390,81
302704483,72
313171686,18
313577912,70
317099532,187
317309117,124
320533278,126
322725059,169
322799963,79
325017001,223
326060296,153
328321075,52
334563075,27
336255550,322
340733427,115
344366731,52
347222414,61
347315663,18
353154395,142
358565112,54
364013343,124
364048388,52
364693939,106
365218859,162
365619276,88
375975112,27
376929533,0
377463203,52
381536607,0
383031049,9
383510919,18
387236400,214
401585006,97
409657117,0
410306991,124
415957437,52
420403057,27
426912294,151
428814078,27
429657098,277
432571600,43
436610368,43
437002263,88
437842602,115
438901802,61
443515928,160
454391001,234
455068413,97
457231525,0
457422465,133
457578053,232
459406315,115
460569258,0
464527931,70
468545539,9
470211593,115
477438582,286
479288090,45
479468396,0
482874517,205
485417032,241
485615085,27
487168900,214
487758468,9
490446034,331
490916519,88
492807366,205
493947108,205
499464500,214
504980859,36
508701886,61
510140907,178
511642609,52
511666119,153
513313497,133
517694376,250
517956037,250
521819109,36
524371115,9
529000563,70
532063605,90
539631312,90
541889819,72
548600347,106
548978293,43
550568585,223
550920459,0
551369557,9
552686115,0
555505816,70
558484034,106
558966543,160
559375251,18
563564115,0
563750519,241
564744056,115
568261580,88
568442552,142
572964090,9
574238112,9
577232053,304
587377983,115
587407423,90
588048736,9
588641714,88
590311595,18
594585530,133
595500492,79
595911587,70
597948592,151
601614993,52
602360620,124
604127580,313
606203589,225
607421115,115
608269784,88
609587023,115
617668565,286
617785022,43
623853563,0
625136001,142
626440454,88
631099577,63
636543617,9
639515225,97
643060620,9
646194047,322
647541961,88
648277587,52
650420615,115
652014454,99
652043798,61
658354987,250
658540444,88
658558334,115
664193383,63
664280928,43
668755101,0
673657120,9
675815254,81
677014978,63
680167111,18
680967506,97
685785890,0
685920583,0
686315209,79
699151571,52
709577036,18
709956484,43
725716046,88
726383904,205
730387062,124
730514784,36
737853616,232
742474528,90
742538504,45
747515758,88
754024745,43
757382524,18
758733588,277
763289604,88
766717189,61
767020814,52
768830619,36
769758467,90
770333091,36
772353093,70
774058922,295
774786530,18
778512563,9
780855061,61
782135376,72
782461601,259
784921392,241
790805595,277
792033620,18
792421806,54
797620069,18
797811031,223
799366560,61
800757927,72
805832993,286
823376446,250
824337117,0
833319111,54
834140081,232
834628018,153
839454606,153
839478190,36
841346571,36
842990237,61
843505484,223
847878587,331
849746596,9
850774763,61
854456544,232
854806989,295
869972811,63
872319558,178
876009688,52
881516943,286
886324970,268
886994023,178
888026051,205
888801107,9
889517620,322
893874953,169
904289824,61
904313699,18
910872022,81
914333081,162
915568017,79
916135003,36
922225020,126
941922114,142
942172520,117
942602087,313
943820541,126
945927090,241
947339885,133
948520620,241
956765301,52
962088438,187
963613037,133
965513612,97
969894591,250
970315016,27
978147260,70
983772867,79
984363113,205
984461724,45
988455969,322
990315792,9
994216287,18
997153049,178
998447956,97
999057807,52
1001000530,97
1001531104,0
1005789557,124
1008461278,81
1010903272,63
1014142533,151
1014295419,259
1014701108,54
1015219390,70
1015498907,205
1016157997,178
1017212097,63
1017299618,27
1021998250,43
1025926006,331
1033097061,160
1035111455,90
1035223423,27
1046414607,61
1048377038,169
1050154116,9
1051811109,259
1051904498,97
1066518050,0
1068101613,0
1072287077,286
1073391481,27
1075271618,0
1075880431,79
1077510060,259
1079856560,106
1086996289,88
1090174790,36
1096003620,115
1096183778,70
1103304804,36
1103841336,205
1104923117,61
1107046050,45
1122830997,331
1123290863,36
1124812111,205
1132139008,106
1139249106,0
1140270027,223
1143988183,9
1146633115,90
1150493097,126
1153937586,97
1154721617,27
1156725547,72
1157484270,115
1162112607,232
1165608864,151
1169496477,115
1171304109,9
1173427536,117
1174101588,18
1177424931,304
1180195554,162
1181951038,142
1183335773,90
1185045833,9
1187578728,18
1194078564,232
1194311881,187
1195479598,0
1203402032,97
1212285030,54
1214859000,124
1218429360,52
1218667986,0
1223091111,277
1223509504,295
1224231550,43
1231037549,0
1239115854,196
1241367882,126
1246283554,79
1247717084,277
1247925872,9
1247961466,160
1248665381,43
1249411465,99
1253400106,45
1256056448,63
1256605111,81
1256716261,43
1258521018,214
1258637974,88
1260014396,117
1263040605,0
1265631618,52
1266135537,142
1266334120,313
1269333570,160
1270686385,90
1275115326,97
1276016541,45
1277751370,88
1278839092,72
1279953981,115
1280465527,36
1283218529,223
1284381893,108
1285086064,205
1290486051,313
1291646571,0
1292756461,115
1295054820,133
1300187548,43
1300796948,79
1308651226,81
1309048049,178
1313365923,171
1318240968,187
1321532063,187
1322607117,9
1328161956,241
1334946896,81
1339110473,70
1341560115,169
1346219448,115
1347229597,97
1349090993,196
1349677509,250
1352384077,232
1355240093,9
1356749971,151
1358371574,9
1359306619,108
1359632344,196
1361580035,196
1363816078,124
1365991118,0
1366655111,36
1367849618,18
1369654090,18
1374907897,36
1375918600,153
1376157114,9
1380546227,45
1382275602,0
1384221490,79
1385798919,97
1388254387,234
1390784255,61
1392415354,135
1393058280,45
1398125761,99
1399206848,151
1404996898,162
1405054603,97
1405634978,216
1405868035,124
1408710091,232
1410446516,70
1410504600,79
1415597088,142
1416702080,52
1418211487,142
1418677421,162
1418944005,52
1425843620,70
1432250203,61
1434943998,160
1435223964,88
1437236336,151
1438327938,277
1439246568,124
1439774772,117
1440438112,43
1440600562,99
1443713900,205
1448841114,0
1449777485,171
1451970289,144
1455583112,18
1456918059,97
1459722332,135
1460561443,205
1461380458,61
1463494106,90
1468037118,18
1469313392,61
1469597493,106
1474115989,52
1475446475,81
1476616293,160
1477253533,106
1479920785,70
1482808762,117
1489399727,61
1491973089,45
1492559827,27
1498613502,124
1499755120,43
1507930199,0
1508295459,79
1509091068,18
1509904428,295
1511336118,9
1514287096,63
1517734212,0
1519447114,178
1525158614,0
1527169560,241
1527226920,115
1528050362,207
1528126457,27
1531806931,142
1531870875,133
1537514838,160
1538391468,142
1542888884,259
1543192111,0
1543666541,0
1546610256,72
1546984081,18
1548683019,214
1552188618,99
1553374470,27
1556704075,9
1559153450,27
1559777418,106
1562408614,0
1563104502,124
1563645263,45
1568710574,9
1568987292,43
1570580548,144
1571463050,187
1573148316,162
1581122792,81
1584604380,250
1588681114,142
1590888978,52
1592265052,178
1595364120,43
1597116527,52
1599996180,9
1600677347,0
1604631350,205
1606229793,61
1608647117,0
1612549114,63
1619939537,151
1621597735,18
1623884807,79
1629058445,72
1629526276,27
1630695023,169
1636093852,151
1647554999,9
1647718923,169
1653388899,268
1656045395,205
1656759639,9
1658168612,0
1658636089,45
1659464974,106
1660984377,52
1662802615,205
1663006069,277
1667942545,250
1669051119,9
1674098577,304
1679534804,153
1681384822,61
1681523887,241
1683819120,72
1684393115,70
1685060558,36
1686746847,97
1688579270,144
1692010601,36
1692203888,27
1694461074,90
1703962594,27
1704038586,0
1707066538,18
1710670104,36
1714569521,79
1718598979,268
1719518945,117
1722082817,124
1722664514,250
1728966453,214
1729176016,115
1733447297,144
1736496118,223
1742845870,169
1743916094,36
1744971819,9
1748462918,43
1752624062,99
1755642111,0
1756505776,72
1758094620,115
1759307681,52
1770655046,54
1771094877,196
1772653432,124
1772869034,79
1773198974,43
1775146788,63
1780693050,286
1781954757,52
1785477611,0
1786245959,45
1787581893,0
1787872542,99
1788757361,79
1792113232,63
1793082983,124
1793956568,223
1797147081,61
1804058812,142
1805873120,54
1806559587,277
1808278107,72
1808335991,0
1808487292,160
1810142008,214
1811629025,43
1815977783,52
1816349294,18
1818485399,70
1823625577,18
1824014867,142
1824178831,160
1824644119,43
1829124966,268
1829555870,142
1829778115,0
1830040002,153
1830807760,99
1838418476,205
1843731590,180
1845059581,27
1847606472,133
1848196602,295
1850399851,18
1850753693,18
1852249192,43
1852767428,295
1853955036,178
1856156094,27
1863420113,0
1864498100,90
1864643361,223
1866188613,27
1875549470,250
1876868589,88
1882647830,124
1883090530,223
1884389023,9
1887832329,18
1889383100,241
1889754812,61
1891507600,72
1895063559,259
1896522434,126
1899057476,295
1901155746,72
1902200093,18
1911960926,106
1921127428,52
1921500372,63
1922402825,18
1925428774,135
1929428446,63
1933180932,286
1940995965,214
1942917110,0
1943382014,54
1944765975,97
1946173583,115
1946191594,162
1947048556,322
1956732939,99
1960413001,106
1961597052,304
1962181718,81
1962947364,241
1963516828,187
1963656101,43
1963673406,214
1965804578,0
1967489463,241
1972495232,43
1974956569,124
1977871501,151
1978069562,61
1980250600,259
1982105028,45
1983215970,52
1988381042,178
1995008572,196
1995647681,9
1999690068,0
2000229620,88
2000650041,52
2002216796,9
2005632114,241
2006125946,27
2010974573,63
2017453604,81
2017652059,124
2020401616,0
2022044463,205
2022641111,43
2024473556,79
2027370722,45
2029874011,295
2032639466,250
2040914947,189
2041054562,27
2041943608,178
2044597544,0
2044894866,241
2049623723,18
2056912467,61
2060871355,72
2064010586,36
2064411529,97
2067879478,79
2071924555,18
2073959955,232
2081117014,43
2082178029,115
2086861012,9
2087528094,214
2088226106,304
2092507539,61
2094445119,36
2094722220,70
2096463565,286
2100407050,196
2100941948,214
2104529608,151
2108159006,277
2110786034,18
2110861899,223
2112418071,106
2113279071,295
2120777025,286
2123516120,286
2123812294,99
2125337600,115
2126269586,88
2129469875,70
2129993082,223
2130278521,0
2130382844,151
2133546587,27
2135336584,88
2135888989,9
2136493563,54
2137863469,70
2140805546,151
2143568915,196
2146685535,331
2150609932,117
2151864116,63
2153558456,43
2153702967,61
2161160568,0
2164010847,207
2165522307,106
2166112984,268
2167158906,117
2169799992,45
2171001593,79
2171487055,61
2171969235,88
2172785798,70
2175903382,72
2176124963,45
2183225774,151
2184935589,81
2184953607,117
2185569002,223
2187626092,214
2187870556,97
2189455109,18
2190920618,18
2194364074,45
2194440349,18
2196077524,88
2198325573,205
2199396092,196
2203125061,45
2204302586,88
2204715110,313
2205307580,178
2209887530,124
2212082057,259
2212571108,0
2213756420,97
2217796184,18
2221111587,214
2221717114,27
2224193217,18
2225018540,160
2236852533,135
2237947118,36
2239814120,126
2245047765,52
2245759563,79
2250060582,18
2251964840,36
2257838786,61
2259749939,250
2266078615,79
2275033572,223
2276302114,52
2280698119,54
2281589629,0
2282409218,54
2282880322,142
2282932459,61
2285071032,322
2287440052,9
2288133386,52
2292665050,88
2294104935,232
2296269390,88
2296327065,52
2302730333,79
2303727107,18
2304104177,45
2310955286,61
2315339501,142
2316953895,61
2319171550,169
2320403760,36
2328244509,97
2329864595,9
2332688120,108
2333967050,61
2337097267,61
2339745956,196
2343593877,160
2344969067,160
2347745540,259
2348280618,0
2349819327,27
2355127822,0
2356690023,178
2356794077,151
2359000074,250
2364552229,52
2368070025,52
2369123479,286
2369860549,223
2374700319,90
2375206795,70
2376270430,277
2379447581,99
2380184620,331
2389742584,160
2397964837,18
2399272618,52
2400574910,151
2404598530,43
2405400899,18
2411493016,126
2412299971,79
2413001930,178
2413025199,61
2414751030,18
2417134593,160
2417193565,0
2418956914,187
2422113091,9
2428836114,43
2433178091,88
2437352816,61
2438776931,45
2446664069,250
2447359494,205
2451808333,196
2453275395,43
2456835945,232
2456935606,214
2464036404,135
2465790491,70
2468588890,52
2469167330,196
2478184047,124
2478510056,277
2480732520,97
2483561619,115
2484917926,70
2486217342,196
2488667078,9
2499068218,97
2504577296,0
2505183193,0
2505672100,169
2507919077,63
2509008572,63
2511619974,178
2514802544,88
2516345014,9
2517976113,196
2522659056,99
2528597938,70
2531996949,63
2532475400,241
2538646514,160
2538768442,70
2542468402,241
2543176393,241
2544717427,61
2544811204,36
2546125378,250
2548148300,126
2554955936,178
2559459077,142
2560769033,196
2563694409,54
2568411817,61
2568986969,61
2571221040,108
2574459332,115
2575725000,142
2576591329,144
2576992107,72
2578638602,169
2580874098,322
2581552105,0
2582909077,54
2584902574,232
2597383558,133
2601256840,27
2601362116,124
2601584459,18
2602573408,124
2605599106,61
2606561019,45
2607981578,171
2612860615,0
2617741057,295
2621873101,18
2622342968,124
2622536587,196
2625474101,45
2629481612,214
2630703517,63
2630929853,106
2633390367,135
2633957049,45
2639780578,70
2641095567,79
2641131062,0
2641160257,52
2652197538,214
2653758520,250
2654879376,160
2657482234,70
2659722819,27
2660236831,180
2661007954,232
2664383941,178
2665136085,106
2666651426,72
2674762839,151
2674907056,268
2675075530,178
2675104624,0
2676673862,232
2677175576,108
2678663587,97
2681396959,178
2682289736,9
2685135112,18
2686584702,70
2687036567,142
2687089589,106
2687282082,259
2690206108,216
2692954283,115
2695736527,124
2697855021,43
2700605433,79
2702456460,81
2703690955,18
2706512553,27
2707085008,331
2707397089,304
2715730796,63
2721074618,61
2722015054,331
2726108612,61
2728434924,205
2733404958,241
2734264117,106
2745486472,115
2748673981,43
2750298253,45
2750885366,207
2751753613,70
2752387920,52
2752986062,169
2754475614,151
2755850117,115
2763551619,9
2764455785,61
2769674593,0
2772772029,286
2779960726,99
2782890337,124
2782995781,52
2783123027,205
2792979782,54
2794361034,169
2796395610,0
2796825433,52
2800310074,160
2806364874,97
2808020020,36
2808558513,36
2813071085,196
2815976820,108
2816988102,214
2819909792,81
2822829514,180
2826592421,115
2827473373,43
2828786106,18
2832153921,36
2838166384,198
2839420590,61
2840932100,90
2842444570,99
2846647441,250
2847032565,196
2859681375,43
2859926002,313
2868439388,124
2870595749,79
2872264067,43
2872823798,18
2882800486,72
2888339576,151
2888891520,151
2890182110,52
2894418885,196
2894665620,36
2901669922,52
2902454040,223
2902651617,70
2906032451,79
2906681562,259
2922157898,133
2924139831,27
2933529764,54
2935789616,232
2936003462,43
2937081866,81
2937679970,70
2941656542,205
2944010019,45
2944668594,70
2951858332,63
2952115888,117
2955141942,70
2957593019,160
2959396118,151
2966981212,45
2973688022,88
2974956093,259
2976694896,61
2977463035,142
2980492766,99
2980835509,142
2982140577,70
2987443520,142
2987460915,286
2991203106,0
2991912617,169
2994330114,115
2995212946,241
3000114587,241
3004458056,18
3005769717,0
3005775967,0
3006119387,198
3006212616,27
3008763525,295
3010448331,144
3018148424,277
3018671902,63
3023133373,232
3023312944,70
3024539364,223
3028463339,52
3031983118,45
3033336982,124
3035511087,72
3036256944,106
3036309599,27
3036578046,115
3037772909,43
3039775336,205
3042922931,106
3052137597,36
3057731610,189
3059232407,0
3064422421,36
3069549607,43
3070461765,88
3074431708,70
3074997023,97
3076288120,9
3077446777,97
3079722008,90
3080488415,205
3080511922,250
3083569103,124
3088764972,52
3090067686,54
3094763402,214
3096027478,117
3102725269,142
3104804588,54
3105579889,0
3105696840,0
3108154904,115
3111587083,295
3115402606,99
3115420466,126
3117071520,79
3119267070,88
3120832054,115
3127544024,205
3128322417,189
3129200513,79
3131626847,81
3149592474,79
3152296020,106
3152831010,241
3154979665,36
3156662337,142
3157508963,241
3161649601,286
3163134088,9
3164647441,133
3164839035,142
3168273605,90
3170199786,88
3174327433,79
3176044028,9
3179648472,63
3183035535,126
3184562845,133
3188472120,9
3190386852,72
3191697109,169
3192284536,124
3198886421,43
3201245733,54
3202423505,151
3202441605,108
3206425058,259
3207258016,72
3214006544,171
3214578613,0
3216071880,169
3222845055,313
3223742047,88
3228237050,61
3228243093,0
3228621494,70
3232516618,106
3236046337,115
3237918030,0
3239246499,214
3243720018,286
3255618935,160
3260224465,232
3260428229,99
3266006011,126
3266386030,259
3274739891,196
3277584067,259
3284841758,61
3293974095,43
3298414102,106
3300840031,88
3302473109,0
3307629951,313
3310283503,0
3315465533,223
3318954573,133
3319571120,286
3328473618,160
3333576446,79
3334491097,61
3335356517,313
3336858932,187
3338368387,241
3338608451,88
3338870115,0
3341450056,268
3350037113,97
3355359076,142
3364740529,97
3370930283,0
3370995004,0
3372418949,214
3382782068,90
3386533481,187
3386556593,36
3387061355,54
3389190358,27
3393296994,160
3396374592,142
3399934056,124
3399951442,196
3401730106,27
3403638587,295
3407472114,124
3408177409,196
3410215104,124
3412174615,52
3413162431,97
3414327770,18
3415616564,63
3415883595,9
3418254105,322
3418544042,304
3420334779,54
3422851620,54
3431618083,99
3435753570,106
3437716793,54
3444479814,115
3455747372,61
3457038038,97
3458792405,18
3465970585,61
3469332327,0
3471327105,97
3473467597,52
3474129497,106
3477286038,61
3477792518,169
3478165353,178
3485705051,61
3486473615,241
3487654886,250
3489876954,331
3489958950,268
3490062973,70
3493431919,0
3493607539,99
3493949313,88
3496410383,43
3496492048,0
3502202456,223
3504445049,45
3510035978,43
3516557572,169
3520125086,106
3521340790,151
3526413081,171
3527864112,142
3534705935,205
3537248018,90
3538181568,79
3541041090,0
3543327306,72
3548865556,331
3552695094,0
3554354361,133
3556077432,142
3559700110,124
3561234497,88
3562361534,169
3564098933,115
3564980451,169
3566665691,0
3568179442,304
3568859318,79
3570713863,79
3576423117,0
3581168086,214
3584010101,45
3586161947,268
3586260426,52
3586637609,0
3590874096,9
3591510573,45
3592556809,115
3593203398,61
3602367353,18
3604969102,27
3607173898,115
3608181222,97
3610169593,241
3613782372,250
3614261982,18
3617134346,151
3619295481,241
3625452501,0
3626040487,88
3626355420,277
3627135117,196
3627938609,0
3633194467,187
3633989864,124
3634421970,205
3638616081,61
3639754558,106
3639864090,36
3640926965,54
3643977609,99
3651966738,88
3652444269,79
3655333095,99
3656319700,52
3658323996,169
3660596069,52
3663964864,232
3670526083,54
3671343057,268
3672391117,106
3675194547,97
3677755094,43
3679364201,79
3680226608,115
3687829522,232
3688695074,313
3688851968,115
3693207968,241
3693923335,61
3698974406,214
3700156098,115
3703964565,0
3705574342,63
3710154750,52
3710751117,0
3715815924,18
3718399096,196
3725719327,106
3728066539,117
3732329432,88
3737021421,252
3739391489,115
3739652872,61
3744028547,304
3748930914,259
3751612262,117
3752258418,178
3754189161,9
3756953070,18
3767814970,70
3772528906,171
3784661102,0
3793962894,27
3799650487,304
3803526906,153
3809019515,9
3809107299,126
3811670403,277
3813292613,9
3816221003,81
3819782584,27
3820771384,189
3824802274,61
3829354060,54
3836934894,45
3843606230,88
3851563521,9
3854073959,160
3856372105,0
3856534010,97
3856715101,97
3857427369,70
3858859528,322
3859063013,124
3864264839,63
3867027240,99
3879172897,241
3879739005,232
3879978618,72
3888681488,79
3890229902,223
3896635965,27
3897356736,88
3899907536,43
3902369462,277
3903239802,124
3908322226,54
3909807079,27
3913905842,115
3919993113,18
3920074091,79
3922951573,0
3925871058,286
3926774918,61
3931249388,9
3933003005,9
3934552514,151
3939254505,126
3940852487,151
3941650272,97
3943416771,88
3948750976,27
3953244833,187
3955093081,27
3961964607,18
3965983873,54
3967039498,70
3967629117,45
3970353767,43
3974928245,0
3980842576,135
3981645577,214
3982917446,178
3986355563,189
3987518119,99
3990277591,151
3992473018,214
3995090313,0
3999797578,90
4004411970,45
4010027844,18
4014236557,241
4016823619,97
4019277074,54
4021214098,9
4021684084,108
4024702940,79
4027752733,97
4030098082,241
4039306583,250
4040935037,322
4043535765,0
4050696955,196
4058130308,88
4065237991,61
4066621435,9
4067727071,0
4068724896,178
4069551595,133
4071153981,259
4074167113,160
4075785995,286
4075949594,9
4078887118,0
4086388567,79
4093412051,97
4094742620,9
4097837542,97
4099076921,225
4106305603,63
4111496107,0
4113259876,70
4113383017,88
4115399975,45
4117305839,27
4125747081,232
4126709565,313
4127916570,27
4128108721,79
4128685431,106
4132442606,70
4136438570,27
4140704212,36
4143528529,223
4145020971,331
4154019093,0
4155710014,54
4156258491,277
4166035118,36
4170923664,0
4172256284,160
4172267931,115
4174873617,9
4175956115,70
4180039109,151
4181092834,115
4183135560,52
4184161057,81
4185753899,115
4191123699,36
4192862986,304
4193107020,106
4194013527,259
4194275592,27
4197792082,18
4197950022,223
4199340972,232
4200927485,0
4201867900,124
4202309112,108
4206217551,106
4207147192,27
4207786024,97
4209103950,18
4211924102,9
4214553470,108
4215468479,142
4219961933,187
4220430437,214
4223999084,54
4225513440,45
4226892316,45
4233667906,189
4234133984,36
4235672510,259
4237530569,61
4242393010,187
4246579584,9
4252878870,171
4255329986,99
4256610030,160
4260383510,63
4263038104,214
4265622275,117
4266935402,79
4268538092,79
4270229778,36
4280553430,97
4282759424,108
4283072353,52
4283967098,313
4288242075,36
4291661357,52
4294043761,133
4294865892,189
4300428644,9
4312140934,187
4314407189,52
4318752417,250
4320553908,124
4321333814,187
4322957790,142
4329078608,18
4329143464,313
4331295571,295
4334610581,232
4336943490,133
4341252304,52
4341474051,18
4343578508,142
4345348846,70
4348108118,115
4352229839,151
4355744583,151
4356354118,9
4361183618,160
4363993483,331
4364983345,214
4365158875,43
4366282750,9
4375068120,43
4377466897,259
4379830576,313
4381015390,61
4381724620,18
4382430369,106
4390852756,99
4390975084,115
4393772119,52
4396232924,243
4397581060,250
4401744438,169
4402691586,88
4404939002,250
4406321779,70
4409242460,36
4409265902,61
4410044089,18
4421241119,9
4425628788,160
4429796040,70
4432153106,88
4432501437,70
4432652784,45
4438173054,214
4439968067,124
4447255444,223
4451133117,205
4453383929,277
4456852345,70
4460292084,0
4463664748,36
4465147881,115
4476729968,9
4477089977,223
4479217462,81
4484969575,198
4484987426,99
4485774560,54
4495902088,70
4496001516,277
4499565073,43
4501588868,133
4509401526,286
4511192019,97
4518837583,331
4519162058,72
4523621589,171
4526275111,52
4528624320,18
4529998362,207
4530642115,106
4530712032,153
4532641678,9
4534251927,169
4535951313,126
4542489567,97
4542495772,0
4542768499,90
4547351498,133
4549608479,115
4550745429,9
4551431479,97
4552596851,144
4555603119,9
4556778986,241
4557221270,54
4557925600,133
4559068212,70
4559579547,259
4560963501,9
4564866803,54
4566443011,115
4574040813,9
4577922298,97
4583742072,106
4586351785,36
4593135806,18
4593871924,160
4594565542,115
4595431464,214
4597966449,178
4600043509,36
4601732111,214
4606975479,295
4608425049,43
4611949074,214
4615464050,117
4617852061,52
4619111836,214
4624243285,144
4626866514,286
4628982386,178
4631295107,259
4634903394,232
4635287478,79
4636838580,9
4637146301,61
4641665997,18
4642446180,45
4651230095,0
4653078583,0
4655339094,178
4655605979,43
4656964852,223
4657161007,61
4657748063,142
4658641068,178
4663988535,142
4665764502,79
4669369100,72
4669444394,36
4673053360,234
4674101044,295
4680158615,81
4688274108,18
4688772920,241
4689110660,0
4691261802,106
4691448199,18
4696098008,142
4700909120,133
4701859073,115
4704697922,79
4711267911,81
4712466447,205
4712944061,187
4713447041,9
4715504841,214
4716778617,0
4720098705,18
4720209597,214
4720570338,214
4722387560,277
4729107330,169
4730216612,27
4732210618,0
4732967331,88
4734444868,214
4740566500,18
4742073518,70
4748376317,52
4749655401,97
4750462010,70
4752333024,61
4753786555,187
4757427506,88
4763699950,97
4766488150,9
4768773513,241
4771468907,36
4773685593,133
4774415482,90
4776691535,331
4777255820,9
4778970620,9
4779248619,169
4781637513,286
4782705564,106
4784741525,214
4785538303,115
4786074618,0
4787580102,43
4788981604,0
4789323323,79
4789370092,70
4789445049,97
4789497088,187
4790565880,180
4800891055,72
4801749609,126
4802282447,18
4806243586,27
4807661111,79
4808987611,0
4817059969,43
4825358498,43
4830076104,0
4834515843,72
4835852365,160
4836709748,63
4837244304,169
4844458620,27
4844935388,108
4848406852,36
4852914595,0
4853653583,0
4855615938,223
4857236094,0
4858017956,52
4858215024,277
4860759086,63
4861184009,108
4866363255,108
4870872016,99
4874637107,18
4877985793,81
4888515921,205
4891681388,250
4893828117,313
4895643034,331
4905821361,124
4906551007,0
4907090014,268
4913299859,9
4915118909,250
4916168370,133
4916532021,144
4917655381,99
4918364890,27
4921539114,133
4921755865,160
4924477612,99
4929465514,0
4930166487,9
4931071571,115
4939191902,0
4941063589,45
4942366552,52
4945207981,142
4946058350,45
4946483090,322
4947630605,133
4949438731,88
4953161483,241
4955286349,124
4955460517,304
4961372579,18
4970806531,313
4971606553,36
4974551964,331
4976085248,70
4978074853,45
4978528984,88
4983927296,97
4984636932,169
4987500030,169
4988402017,115
4989485426,0
4991943368,135
4993904460,88
4994124875,250
4995991465,250
4996760989,178
4999725459,79
5002209282,142
5009775003,133
5013164079,88
5013352035,45
5013445431,142
5022834618,214
5023693335,88
5024316443,187
5027748659,9
5029527603,153
5031080092,27
5031190537,36
5042216982,70
5052261317,169
5067894478,115
5070409356,133
5071510058,0
5079735061,63
5080608611,81
5080620276,106
5083743108,153
5092355074,187
5092966920,187
5093762967,52
5096368523,250
5097373439,117
5099005806,81
5101198369,135
5104441043,259
5114034588,54
5115413945,286
5123870620,106
5135186983,295
5135605054,124
5135917497,106
5136464519,223
5138485582,27
5140107578,79
5142409078,9
5143948089,36
5146344726,72
5146478366,187
5147184078,135
5150277013,52
5157773963,241
5159697006,45
5160522758,43
5166631569,27
5168908218,36
5169002538,169
5180324101,0
5190188458,171
5190455038,169
5195908220,70
5200963286,90
5204517491,108
5209828083,36
5216686749,81
5221313538,160
5224057530,43
5228181583,43
5230091937,70
5230904092,52
5231073420,187
5235129119,133
5238142969,61
5242301518,160
5248165317,106
5251286492,268
5257354284,70
5259796006,81
5264755997,36
5265473012,277
5267431495,259
5269761400,61
5273039620,18
5276990606,126
5278609620,9
5284273418,70
5286901980,169
5295817909,79
5296259399,133
5296467581,43
5297749829,196
5304907801,9
5308391844,36
5314655118,9
5319126272,27
5326099859,153
5331911065,196
5333264548,106
5336157887,234
5339928174,43
5340895586,142
5342513497,90
5342617571,54
5344759490,88
5344817981,196
5347752280,81
5348989066,133
5352043226,63
5353745941,97
5354826531,88
5356895007,250
5361390547,214
5366102453,331
5366640111,133
5370565361,108
5370571620,18
5372465952,241
5378906921,18
5383121045,97
5386360617,61
5386856232,63
5390092103,205
5395708598,214
5395953455,52
5404066602,27
5408928084,81
5413145927,52
5415317018,142
5417262890,196
5418924771,108
5420667112,0
5421879197,70
5423172608,0
5423633050,151
5424159554,52
5425459946,61
5438315261,70
5439148037,61
5450978399,178
5452992970,250
5453365948,61
5453680537,223
5454779784,9
5455373616,241
5458989892,18
5459713038,187
5462564519,196
5464322860,79
5464790981,142
5465047542,117
5466114435,259
5470902948,61
5472153865,88
5474485563,187
5477759476,88
5480887610,36
5487621491,133
5492518986,142
5492665007,88
5492827832,52
5493393519,0
5493602067,70
5498968516,171
5500024498,133
5502358065,63
5504535078,27
5506448331,0
5507121485,277
5507588077,268
5513315585,18
5515745073,43
5516355355,52
5518927048,205
5524546107,36
5526537115,133
5537266388,223
5541299052,79
5543871153,0
5544021093,99
5547563990,232
5552083530,225
5555884009,79
5557786065,160
5567472102,295
5569611091,178
5571635054,180
5571741576,9
5578598357,160
5578913048,43
5583788893,9
5583980254,36
5584033747,117
5584408112,18
5586532375,160
5590477908,54
5591384486,9
5593121595,43
5594162109,9
5594685983,304
5596069066,124
5596528610,99
5599437949,232
5599565432,61
5605097068,313
5608508338,115
5616908525,313
5617916525,97
5618248217,72
5619813013,61
5621368074,0
5627969440,304
5632655281,117
5633004073,52
5639823997,18
5640721813,45
5644218022,0
5645301079,79
5648548528,187
5649312023,99
5649364548,196
5652892490,70
5653327186,43
5655206353,97
5655299384,61
5657874724,9
5658301119,9
5660956311,63
5661455799,160
5669552593,135
5675486770,61
5676594011,88
5678235482,295
5679144880,153
5680850233,72
5687567740,27
5687940464,79
5693453617,9
5695521085,115
5695994086,97
5699771581,169
5711170610,0
5714716103,0
5714903584,178
5715810116,286
5721031339,160
5727503216,43
5728760318,142
5735638104,9
5735854022,27
5736395117,331
5741196104,61
5742234553,151
5742624533,106
5742793606,331
5745060529,27
5749459025,9
5751552400,196
5754890999,223
5756910244,52
5758538566,223
5759130396,133
5759886018,133
5762213540,90
5768404543,268
5772386379,36
5773416519,72
5783859069,88
5785144002,45
5788531617,9
5794520042,61
5795546433,115
5797418393,70
5798760427,18
5802314289,18
5804033092,9
5805013589,72
5805480410,259
5811319554,169
5812902806,54
5813213217,70
5816520357,214
5818639469,9
5820980079,304
5822404545,18
5826434083,286
5828064117,97
5831149090,18
5831718503,79
5834000566,27
5837820610,36
5840778950,133
5851982589,241
5853578215,79
5854854581,61
5863307577,232
5867183103,88
5867775967,331
5869019577,117
5869715616,0
5870033971,232
5874699412,135
5886362248,54
5888902012,214
5892041544,277
5898416609,9
5899238602,27
5899349353,124
5900694593,9
5902582020,124
5903877077,196
5908858830,133
5909341608,160
5912577068,259
5916959866,43
5918332087,169
5919804617,322
5920248045,70
5921111023,61
5927312097,268
5927545017,295
5928302584,250
5928587349,178
5933127332,124
5933824490,54
5942905119,189
5942928489,18
5951874086,9
5952054435,160
5952524065,61
5953999326,43
5954382480,63
5960657609,97
5967421612,214
5969680533,169
5975501560,79
5978207013,43
5982460612,187
5984459802,9
5985167850,70
5991272099,106
5992244898,196
5994638387,169
5997896546,178
6002075357,133
6002365551,106
6002870617,9
6007217787,43
6008234941,295
6010344998,196
6025193477,70
6027862847,169
6036085084,52
6036658098,214
6037596949,54
6037945483,295
6039242424,90
6041563035,331
6044454106,0
6047769899,216
6049637336,9
6050251540,223
6051982999,331
6052798045,72
6053285942,70
6056048882,18
6056899721,63
6058017600,286
6058052319,97
6058139609,133
6060468120,18
6062452312,81
6066344843,135
6070467076,160
6071365111,106
6072086402,196
6072561834,205
6074655003,151
6079187014,133
6084898002,196
6086371969,43
6087352562,106
6092508784,72
6092892613,54
6094261095,18
6098235458,322
6100986019,97
6102588394,124
6104461783,135
6106083086,52
6108385606,27
6109720064,313
6109737504,97
6110306629,9
6114936276,43
6125421597,322
6125503574,232
6135299514,79
6138144597,27
6141234071,90
6153498573,133
6154435328,124
6155149943,250
6172467380,61
6177381459,124
6179743115,27
6181296869,160
6181774338,187
6183176102,142
6183234565,187
6184844548,133
6189913261,45
6190266589,99
6193592613,0
6199626486,27
6205522604,43
6205785708,18
6205867322,70
6208488392,81
6208587971,223
6211522373,52
6218383763,106
6218513095,124
6219664034,43
6219833259,108
6220839913,178
6228485339,36
6229543117,115
6232376926,99
6232660023,61
6234075578,88
6234203449,151
6234244481,88
6238866437,286
6240768950,45
6242145014,178
6244545324,108
6247714292,144
6252187958,133
6255498532,178
6257212930,124
6261343941,171
6262303577,52
6267353109,0
6268703575,241
6270095920,54
6273115747,63
6276237746,43
6277092063,61
6278845993,43
6281017883,187
6281088612,151
6281100448,196
6286285078,216
6289282884,124
6293645952,241
6296661108,0
6303225031,250
6306272915,99
6310036953,97
6311082984,27
6320943522,61
6321230437,205
6323551351,0
6326990593,52
6328447563,259
6330113502,151
6331877603,178
6334541069,304
6338636885,70
6347679579,259
6349921893,178
6350391979,79
6358846120,70
6358933005,88
6361317080,0
6375222038,142
6375712446,43
6381581668,18
6381970512,18
6382576239,63
6383005795,52
6383448066,322
6385883478,88
6386036713,18
6387575112,61
6390655602,108
6395016773,115
6397726476,72
6401474448,18
6401591666,18
6402674291,153
6403471738,18
6412270575,232
6413188613,304
6414906396,241
6416055975,79
6418811273,61
6419537459,151
6420889475,322
6425242535,124
6431295111,205
6434589076,79
6438608065,205
6438823053,9
6440603112,43
6446598506,115
6446830311,133
6453153435,259
6454218805,117
6456155473,79
6460020931,0
6460242008,88
6465083537,142
6466753104,124
6468737938,124
6469184466,45
6472089266,0
6472870956,144
6477342991,97
6478342609,223
6479180809,0
6480223975,142
6487954995,124
6488095555,268
6489239983,241
6490340568,223
6491410108,313
6495608441,259
6502112520,63
6503728336,115
6505634940,63
6508094088,214
6509017444,117
6511430053,214
6512837787,36
6517548005,79
6519930380,88
6528289013,90
6533721977,9
6537569510,160
6538987842,189
6539156931,169
6540768795,0
6541364870,198
6550338848,27
6552943164,18
6553133608,268
6554447572,72
6559157446,153
6559384591,18
6566801041,106
6567572905,115
6567858615,0
6569835464,27
6570295577,0
6575589911,43
6587112558,295
6592926580,88
6595770110,178
6596350721,63
6596933936,205
6597550033,61
6597973592,151
6602306264,27
6602318618,90
6604711470,250
6605474291,160
6610399579,43
6611500200,9
6614141311,115
6617806801,36
6619307064,45
6623287179,18
6630880521,115
6632471777,36
6632901983,322
6632913846,214
6636007076,0
6636738614,45
6637005603,124
6638397569,151
6638648084,196
6642637959,54
6643488376,117
6645001222,88
6646601536,234
6652057550,232
6655359522,106
6657564433,115
6659817915,160
6659950966,61
6663424781,61
6663708460,169
6663812530,124
6668887615,115
6670257904,70
6673668855,205
6674290590,151
6674963505,277
6677599565,277
6689498071,61
6690248252,97
6690978591,27
6697665077,0
6697995618,178
6701715448,277
6701925586,9
6702390112,151
6709606072,88
6709821938,313
6710165597,205
6712811515,160
6715964913,9
6716657897,79
6718085079,313
6721721849,142
6731559724,70
6738925610,52
6740048028,277
6740757739,70
6742759450,79
6745812105,0
6746110119,63
6749419847,205
6751584613,268
6753985539,144
6754237040,0
6754510533,36
6756465839,106
6757937341,160
6760556711,81
6764606807,126
6765458839,124
6766832116,0
6767592486,142
6771169586,171
6771708885,97
6772833822,133
6777151579,241
6779569372,88
6779952043,43
6784101279,61
6784254325,169
6787122937,304
6787985411,259
6789618596,0
6798203536,61
6803101290,18
6803922283,45
6805027616,234
6808396527,160
6809489575,0
6816538573,124
6816711733,36
6829262536,151
6830192530,124
6837144456,70
6844774854,43
6845752113,117
6845933064,52
6847767510,97
6847929435,97
6848196558,70
6849463350,133
6852268557,43
6856237076,205
6860379370,250
6863961047,277
6871817969,223
6872540985,18
6872617609,70
6877409527,259
6877902945,63
6884225409,61
6885371494,214
6885615471,70
6891273943,43
6895181524,142
6896522555,160
6898553547,0
6898659099,99
6901374427,70
6904648299,133
6906506085,241
6908025101,169
6909127767,45
6909660582,9
6910393262,61
6913215523,63
6920020927,205
6921420839,61
6925105981,81
6927770542,9
6929781260,63
6933810338,27
6934686563,169
6935692766,117
6937998099,9
6940793608,241
6955126531,151
6959663340,135
6960169072,331
6963235554,0
6965964415,142
6968384947,133
6968547968,142
6973626068,97
6973946198,70
6974393239,43
6975808993,79
6977107602,180
6982656185,18
6986356552,52
6987813504,61
6993131096,9
6995666868,72
7000318562,135
7004832039,313
7015364520,322
7020324352,72
7021994939,304
7022871225,45
7029399935,151
7038221083,36
7038937116,90
7041367381,205
7048234093,27
7059147357,0
7059275553,97
7060331994,133
7061294680,18
7061598054,160
7064104357,106
7065982788,54
7065994552,133
7067524606,0
7069121997,241
7070766910,153
7071428990,277
7073578008,124
7079999062,70
7082581572,295
7083636701,72
7085928554,151
7089300608,90
7091925947,52
7093200515,36
7093275301,61
7094246998,214
7095864834,81
7099792486,268
7100276613,0
7101008304,63
7105728610,178
7106270114,322
7107374893,250
7109154097,241
7113489552,117
7121605856,18
7122461381,52
7125359243,43
7125765555,295
7126995592,63
7130614608,43
7131083970,97
7134322836,27
7139162460,36
7139749773,115
7149120551,99
7150806771,9
7153701494,81
7154688687,0
7157148575,9
7157909612,0
7158857415,160
7171948213,54
7177149437,90
7178114742,79
7178502968,79
7189947859,223
7192872192,43
7193319077,52
7195194786,54
7195491585,88
7196008116,151
7202580246,36
7205581007,259
7207607093,171
7207682518,70
7208257105,97
7209122538,88
7213391587,9
7217308919,9
7219733295,133
7220035603,81
7221424538,61
7221477310,70
7222006065,90
7223386514,61
7227209043,61
7227876117,9
7232693991,223
7242061591,45
7244800809,18
7249855296,106
7251072497,331
7251613418,27
7251946068,178
7256988714,0
7258032417,259
7259505620,9
7267568926,151
7277182605,18
7277996439,160
7280577810,70
7282017015,216
7283162544,0
7287289109,250
7289311848,205
7293479292,97
7293515104,135
7298396115,0
7299301746,27
7306930067,52
7311023564,52
7311883060,151
7316080914,97
7320395078,106
7323642086,322
7329849100,304
7331346354,72
7331450920,88
7333945862,79
7337744994,61
7338047874,160
7338625891,187
7340723813,61
7344690606,43
7346243578,63
7351985620,43
7353064772,106
7355124048,180
7357812599,70
7357933594,9
7358738331,178
7359610239,52
7361128094,61
7376133613,70
7377697009,18
7381975586,0
7383781117,27
7384444230,108
7387254920,133
7394361583,79
7402244573,142
7407453099,117
7411375849,90
7411399055,88
7411451307,27
7412694967,52
7414508584,277
7414760255,79
7416569571,160
7418013662,9
7418780067,304
7421645417,88
7422639810,61
7422994824,115
7424928071,142
7427104800,97
7430061087,97
7431195741,81
7434427522,304
7434945099,9
7438595491,331
7442194076,54
7442478757,133
7443496934,205
7447642695,36
7448509771,27
7448521463,88
7451312618,0
7456684900,241
7459417492,133
7460630117,0
7466943610,18
7469152486,133
7470781472,160
7473224116,9
7473670519,45
7475397600,108
7481264597,88
7483643499,160
7487451797,90
7488183114,45
7489695054,169
7490815098,0
7495530226,81
7498239584,9
7499994249,43
7501077839,52
7504347476,79
7512604058,124
7516395909,106
7517412510,169
7519082113,232
7521378015,232
7524032370,171
7527801266,81
7528478555,97
7531879152,18
7533628724,0
7534535901,52
7536221775,43
7540563374,142
7543716089,0
7544519534,304
7544641275,0
7547380116,0
7551475117,268
7551608805,151
7552445049,151
7553933072,0
7558188981,124
7558547240,52
7561078860,151
7563946108,9
7577038377,43
7577787448,70
7584643045,52
7587438991,61
7589785338,106
7591333540,187
7592634259,99
7594699571,63
7595088306,70
7596967306,108
7599324948,52
7601725520,232
7602253594,115
7607247299,63
7607824813,45
7610808519,43
7614674038,70
7615291050,72
7617423968,160
7623339094,18
7624158962,88
7624550299,153
7626889097,36
7632379605,9
7633483439,88
7634087955,81
7634202378,70
7637112101,97
7637821083,9
7640374041,160
7641276113,106
7641840966,43
7642893590,9
7643237076,70
7644728511,178
7648635088,250
7650612096,0
7651181114,45
7657385606,214
7664968073,304
7665153786,36
7667982969,250
7672214578,133
7672481505,43
7674658700,18
7678868577,106
7682365276,9
7688011493,115
7690184120,18
7692104890,106
7692721608,9
7703403217,61
7703634404,241
7704711992,277
7709310939,43
7714472922,180
7716293603,18
7716502464,151
7716665275,43
7717674574,70
7728254567,27
7729714000,54
7729766755,43
7731854355,171
7733023506,124
7736752559,70
7744706025,97
7745280025,124
7746412098,9
7747156048,151
7751787581,79
7753197471,142
7754152373,214
7759266567,151
7760278493,79
7764319609,214
7765662620,9
7765773990,43
7766138334,160
7766418113,9
7767339924,268
7770791306,63
7778221251,99
7785987221,88
7786278094,81
7786458099,18
7788334701,70
7789723221,52
7795985012,0
7800395298,99
7802377071,162
7803181861,36
7803602408,144
7804840995,99
7810347373,115
7812639070,169
7817607619,36
7818810096,90
7822281033,241
7823344618,27
7827260408,43
7832480082,61
7833370410,79
7833399583,331
7837375309,115
7838151598,169
7838467483,90
7841144617,0
7843494616,0
7852009367,106
7852834249,115
7855533060,9
7856211465,9
7857353608,0
7861951366,36
7864447597,79
7864617606,9
7867273085,18
7868232764,142
7870001099,9
7870298057,207
7873884477,79
7875184997,322
7879862951,43
7887142264,88
7890345398,88
7893035547,241
7893524607,187
7895977110,241
7898265004,70
7900327838,18
7903657039,223
7908503610,0
7912038089,99
7914242447,313
7915100384,133
7919401575,70
7927689106,18
7928154035,97
7929406303,18
7929761982,142
7932199078,0
7935150024,178
7937841258,61
7941352120,43
7941941932,252
7947323620,27
7948227466,295
7962284478,88
7963150984,9
7963604536,88
7965248998,151
7969718610,70
7976269567,99
7979514479,162
7981581586,0
7983935398,124
7985087461,63
7987765552,187
7988775236,81
7990583620,124
7992770620,115
7994871568,27
7995465276,88
7997592573,133
8001949897,196
8003979090,9
8005883490,97
8006297118,0
8009381410,205
8010640418,223
8013987003,151
8015756429,160
8019419059,304
8020026588,151
8022457597,88
8027958986,43
8029327044,117
8035661525,0
8040197077,106
8040912089,162
8042468903,43
8042567390,79
8054451040,18
8054754077,18
8064478970,27
8065311069,79
8065795367,115
8067324487,214
8069201235,90
8069516608,0
8073853574,63
8075263754,61
8076176513,169
8081278354,61
8088925565,205
8094615487,18
8097976598,70
8099835934,43
8106324264,52
8106628272,0
8108118155,9
8108629602,160
8108710912,79
8114203030,241
8114460553,9
8123437020,45
8123477826,43
8125473098,27
8131048958,52
8131170891,259
8131281600,90
8132299771,115
8135370434,135
8136432285,43
8143180021,36
8144872992,52
8149202420,124
8151561599,52
8155267698,61
8157065413,70
8157112113,70
8161869120,88
8162736044,106
8163601098,43
8164747559,241
8169398593,0
8170717606,241
8171679501,18
8177237429,241
8184474055,178
8185015519,52
8185432501,250
8187955077,52
8190961802,133
8191247827,36
8191760884,214
8194911083,27
8201064070,115
8204883882,178
8205644406,70
8209769608,0
8211135774,106
8217436944,187
8221936985,88
8222599912,124
8224889114,108
8228459751,124
8232623372,61
8236496610,0
8245464402,142
8247835100,313
8248138812,178
8248790579,115
8249168054,133
8250930111,133
8253863762,106
8254230107,0
8257861534,45
8259714049,72
8267322059,232
8268150595,0
8275037613,286
8275422310,9
8279689934,63
8281852949,196
8285580596,223
8286628041,214
8288248860,160
8289653867,232
8296172523,0
8298303501,142
8301624971,214
8312426088,52
8322307776,27
8322759506,9
8325823990,124
8326893219,36
8327336099,117
8329182304,133
8330602777,144
8331423617,45
8332203968,61
8332739605,43
8335415260,9
8336279355,90
8342457005,259
8344638496,169
8347035083,0
8347592765,52
8348543068,81
8352350186,45
8352681894,45
8355490483,259
8361980607,126
8365397354,27
8370088561,99
8370625103,106
8375462570,250
8376056224,36
8377682408,133
8392829561,106
8393996470,61
8400971409,268
8401967312,90
8404788551,313
8405347024,133
8406756416,151
8414069105,117
8419730104,0
8421101101,259
8423021606,43
8425706009,160
8430520442,286
8431856492,223
8432810582,142
8434419342,0
8436092109,36
8436191617,52
8436494105,9
8437115539,9
8441219722,61
8447982874,151
8449476506,268
8453170546,268
8454320568,52
8462516275,0
8463207016,106
8467034308,70
8469118106,27
8470434934,106
8479241472,142
8482543788,54
8486191288,54
8487849009,160
8487918352,162
8491225604,9
8494464809,151
8494512338,63
8495723329,142
8497826532,135
8500891095,43
8504951120,45
8509122619,9
8512097110,0
8513787481,142
8515777735,18
8516099045,43
8516920045,151
8517943062,97
8519209929,241
8523163089,270
8536206082,79
8538243947,304
8540030034,250
8540672437,0
8543885183,61
8546680106,142
8549335602,187
8549638120,18
8551766955,214
8552261564,45
8556104060,79
8556150908,187
8558859750,99
8559294589,241
8562044026,63
8564357114,18
8564808605,61
8567049103,79
8573625594,27
8583726582,45
8584948734,52
8585418478,79
8591313095,52
8592602601,295
8593448454,124
8594094097,9
8594810339,160
8597415332,52
8600620453,79
8602792988,313
8603175900,268
8605606562,331
8605751569,115
8606280491,36
8607869614,0
8611197996,178
8617735119,108
8618006563,313
8619621573,70
8622027095,153
8625188029,142
8625246613,27
8629205434,270
8636014945,223
8639307872,18
8641309030,151
8644644404,88
8650986079,232
8651253599,27
8655761877,88
8660690550,54
8662207118,88
8666845290,99
8666910083,196
8671162575,115
8673194016,223
8679296120,43
8683424422,153
8688741307,43
8692138307,18
8695814502,72
8699258028,169
8702047506,0
8703746213,43
8706871095,295
8708134001,322
8711390608,0
8718661111,18
8720525023,124
8722333086,9
8725999479,9
8740225352,124
8740708485,61
8741736977,106
8741842311,18
8744282039,124
8747825112,124
8752559429,61
8753243583,79
8755014472,99
8773161499,124
8776588561,72
8777316066,0
8778716064,9
8783174541,187
8792745463,268
8793399856,43
8793747887,27
8795762589,18
8796577398,108
8796677086,27
8798328613,63
8809111929,169
8809204064,223
8809393379,70
8810554549,81
8814067394,61
8817703078,133
8818786619,106
8820583080,268
8821860499,187
8823703922,117
8825143283,70
8827526381,196
8828198922,250
8828448812,142
8832351277,36
8833770103,169
8835230108,0
8838338485,27
8838571543,142
8844175082,232
8849391442,18
8849978596,88
8852318039,88
8862890488,97
8863069964,259
8864049618,0
8870269902,70
8870755082,36
8872033109,9
8874108608,81
8874415982,52
8875710602,106
8876040999,115
8876896616,9
8876914597,27
8891115543,160
8897262061,214
8910097425,27
8912455394,88
8913835008,61
8917564609,9
8919083226,54
8920273005,45
8925247526,196
8929871949,115
8930599599,70
8932932105,9
8936744794,70
8937598086,187
8938783936,160
8940717073,88
8941693616,216
8953757086,0
8953866989,61
8956365441,18
8957146106,45
8960756587,286
8961329480,196
8961637077,115
8972692385,142
8973517619,9
8974792578,70
8981816297,124
8985878296,52
8986921593,205
8993167565,97
8994298447,43
8996031084,142
8996879606,18
8997673509,241
8997969933,295
8999300599,45
9000904993,63
9005439935,252
9007155734,45
9009139450,36
9009914609,0
9010479541,115
9010816617,9
9012795798,169
9015909601,124
9030459088,277
9031489412,243
9033565551,27
9036143439,81
9040357011,0
9044374424,9
9048198727,0
9048373479,268
9048600593,0
9053447977,18
9054595061,259
9055642328,162
9070958571,88
9077849560,133
9078489464,142
9079896615,18
9081944375,126
9083131077,88
9084343441,117
9084795441,52
9085192116,115
9093067935,79
9093161313,169
9093702082,0
9095085507,126
9096009509,61
9099759971,133
9102620095,142
9104867504,241
9104966110,142
9105117345,43
9106138465,115
9107564548,18
9108275510,52
9114078983,133
9116909116,124
9117176447,277
9121165063,223
9130839394,81
9133032917,99
9144530113,70
9145477871,88
9150070980,88
9156438578,286
9157022477,61
9158115021,0
9161824102,9
9166822038,18
9169647567,250
9174100855,189
9176223873,151
9179559014,142
9181253530,259
9182271527,9
9182301113,0
9188214499,97
9193802307,79
9197064551,216
9198627095,36
9200245249,54
9203264668,36
9203386516,160
9206410543,61
9207573406,205
9208568591,268
9215870112,18
9218150111,160
9219302093,0
9219412241,106
9223687735,0
9224759383,36
9226367928,187
9227674117,18
9229321580,99
9232885541,36
9235171603,70
9238986389,63
9240903552,18
9243045556,70
9243137994,160
9244688101,0
9247601748,79
9259592064,187
9260055620,18
9263086477,151
9263488116,232
9266864069,151
9271742103,133
9272247620,54
9272849607,18
9274818589,18
9276428608,52
9276789108,0
9279158096,106
9281797179,18
9289089488,151
9289554285,43
9292106049,286
9292165097,214
9292589619,81
9293165397,162
9300213509,286
9302006614,126
9306793946,61
9308637018,88
9309949003,0
9315253836,0
9317510943,115
9323900069,133
9336344603,187
9339396552,72
9342380391,52
9344751105,169
9351306907,250
9353936608,268
9354322574,214
9354726915,151
9358817553,18
9361089482,133
9365461091,126
9365548602,0
9367105533,196
9367304120,27
9368572080,88
9375523613,52
9379491603,99
9379695046,241
9380651945,259
9381786455,97
9382769620,9
9383453584,0
9389022899,160
9390157495,106
9390502580,162
9391880065,169
9393043043,52
9401712375,0
9402497080,97
9403258616,61
9406608103,151
9408483934,45
9409482348,225
9411281422,79
9416790117,250
9418606988,232
9420688963,43
9423632117,0
9424662537,97
9428415586,27
9429755917,27
9432554609,0
9439132285,54
9439401612,295
9441212793,126
9443994555,27
9446890295,61
9461900837,79
9462070535,61
9466632843,151
9466767113,27
9475934483,43
9482555906,45
9483202480,36
9484185760,72
9484625941,259
9486642432,18
9488073585,205
9490555858,115
9492414062,97
9493396828,169
9493891565,205
9494281053,108
9496546548,27
9498266161,9
9502678394,124
9502992439,196
9503621418,36
9504075438,126
9506105091,54
9509894455,124
9510865878,126
9512330915,61
9512494521,45
9513286115,0
9517084378,216
9520265068,205
9522544177,43
9523770077,142
9523781958,313
9525250416,142
9529083958,196
9531382588,304
9532621452,178
9537638101,36
9538824577,43
9539444992,115
9539810956,106
9543124259,52
9544375640,9
9546941825,162
9554351116,70
9559233109,88
9560565111,108
9561303952,178
9562640454,106
9563500539,133
9568986917,178
9571279780,43
9572473099,133
9575949373,187
9579427993,43
9579725620,27
9582135984,169
9583031001,18
9588406937,144
9589081347,196
9593819538,313
9595621607,187
9596012474,259
9599772598,27
9603525229,72
9603951277,18
9605889606,117
9607924962,268
9610528056,72
9614058073,151
9617058051,126
9619318440,151
9619853958,52
9625018973,232
9626958101,45
9628016928,36
9632290990,61
9632465914,196
9635313844,88
9635733072,160
9640058887,27
9640694087,61
9644437651,27
9647172099,187
9648733055,54
9651060519,142
9651125095,9
9651171456,115
9651595347,196
9651717287,9
9652419963,52
9654811220,79
9662973881,250
9663392573,313
9665265860,97
9665324109,304
9673362851,205
9676167929,99
9681093962,250
9690577121,0
9697878451,277
9702676307,115
9704692073,223
9713895747,9
9715413117,135
9716953474,70
9720517116,0
9722540589,0
9725715573,52
9730729551,27
9735256394,61
9736732495,79
9736773615,0
9736843357,144
9738565530,115
9744331492,241
9745435105,63
9755112459,36
9756065113,9
9763523085,160
9772360369,214
9773767885,232
9774429740,52
9779150466,45
9779766745,0
9785037573,36
9785473851,9
9786450075,178
9790249038,124
9792989486,97
9795312434,286
9796349971,124
9797229571,9
9805875579,189
9807503112,90
9810085618,0
9812287495,72
9819989475,43
9827198617,27
9828607485,169
9830098215,61
9832887452,259
9833085115,0
9834392030,223
9834694092,169
9835573326,124
9842264502,70
9843211074,81
9843693090,295
9844435051,70
9856350620,45
9867575102,9
9867829496,232
9869019878,160
9873328353,63
9878410741,72
9890449979,106
9891908889,61
9893845524,79
9894850344,43
9902902551,169
9904124117,61
9909900370,0
9911049067,304
9911275451,232
9911949991,198
9912397612,90
9914308069,9
9916926006,0
9917954693,70
9925750611,27
9926454516,79
9930817847,180
9934049019,126
9934154396,18
9937517738,63
9939264073,43
9940173084,72
9940581394,225
9941299602,9
9941381574,153
9943597398,124
9945141287,27
9952587047,144
9957102099,106
9962670479,9
9965243395,216
9967095057,43
9968199417,70
9970120923,133
9971209090,142
9972781899,259
9977568894,223
9978240664,43
9978305080,0
9979569311,169
9986734471,196
9988430521,45
9991298070,18
9991588385,216
10000190114,178
10001665957,36
10002118331,151
10002333461,43
10005469842,205
10006364424,61
10009458519,70
10015154370,196
10017762596,9
10021052362,142
10024946568,151
10026537509,97
10031953879,0
10032799352,115
10034652298,169
10034710617,277
10035346350,54
10039330585,27
10039522284,88
10046139361,52
10046278939,232
10050802035,9
10057135256,97
10060161996,45
10064842994,52
10072073561,151
10077399392,171
10077452384,61
10082439755,0
10087311534,97
10087638852,45
10089196062,18
10090819613,214
10094792968,97
10096750069,43
10098160105,54
10110178528,70
10111168564,79
10111670109,232
10114228819,115
10114974113,72
10120645797,88
10124337488,169
10127674078,151
10130615963,70
10135279109,70
10136061307,70
10136939941,61
10147770269,133
10154842560,18
10155718113,196
10156426324,88
10160598107,151
10160957587,322
10161771199,0
10167111016,135
10168738527,45
10169454755,52
10177613898,54
10187217575,106
10192231189,27
10192529034,27
10195910494,250
10195939696,52
10196917075,133
10202720518,0
10203092075,97
10210831453,43
10212278771,54
10212947105,45
10215849019,79
10216299051,153
10216926948,169
10216985600,0
10219876800,97
10221802314,135
10227614728,18
10228406059,97
10230825370,133
10237486366,198
10238352202,9
10243892019,322
10244297435,70
10246265516,117
10248223408,106
10251948988,115
10252109920,97
10252838885,115
10253484507,88
10254350095,61
10261620118,187
10262655550,205
10263480607,70
10264259119,79
10266229520,54
10268103017,151
10273786114,133
10274796018,97
10279444461,322
10279502751,97
10282734002,169
10283275311,54
10283582026,151
10284858421,63
10292656759,27
10298367837,214
10300070066,142
10301671252,54
10303197779,99
10303769280,61
10312836353,54
10315151892,52
10315303177,0
10316240493,9
10318024451,205
10318650616,36
10321784098,0
10322447282,151
10326336972,214
10329721552,18
10332361102,36
10336569479,97
10336969089,277
10338615605,61
10340147650,9
10341685556,106
10344959091,18
10345156406,115
10346129348,99
10349520161,18
10356675466,142
10357817510,295
10362694309,88
10363446086,61
10366067929,187
10373544508,43
10375074335,52
10379155579,142
10381814739,79
10382172432,232
10382980375,52
10387554046,277
10393267489,52
10399312766,133
10402368470,88
10405648406,277
10411100975,331
10411968279,142
10417867350,196
10419914950,277
10424022110,72
10424338385,142
10429963118,18
10431834579,70
10438964892,178
10443333000,169
10444037116,0
10444999937,72
10445418800,151
10445721587,61
10449677919,61
10453217002,160
10455840418,153
10456142482,250
10458690320,142
10460575617,9
10467049048,9
10467235739,9
10469362500,45
10480959554,61
10483130118,54
10483600088,286
10488233275,133
10489268035,106
10490868035,43
10492442775,126
10492827542,133
10495946871,180
10497496530,108
10497548418,160
10498855495,18
10499345565,79
10503928993,45
10506264614,133
10507304898,9
10508998971,142
10510795899,18
10520272573,36
10525080302,52
10526549373,178
10529813473,133
10530233522,52
10544705042,0
10549561802,117
10555552583,286
10557099114,124
10560878033,331
10561187531,81
10566572909,241
10568079540,72
10569133093,45
10571644355,115
10574250960,52
10574426110,81
10574629948,52
10577399299,115
10581853603,286
10582150512,169
10582915024,304
10591815503,178
10593837486,70
10598038545,151
10599569005,0
10603572579,45
10604176554,0
10610757936,124
10613083116,0
10613536719,0
10619379082,18
10620113846,90
10625160036,178
10629615597,54
10631345457,0
10632567531,331
10633349938,43
10634677612,99
10637066042,88
10645221975,162
10645576428,189
10648522087,259
10650961109,27
10654802315,36
10655296370,0
10662850439,115
10663138872,18
10666785808,178
10667645582,45
10668473609,106
10671521070,36
10678445445,54
10680252867,178
10680922611,9
10682997356,180
10684054815,144
10689007239,72
10689978069,331
10692690260,54
10695515513,88
10698411065,27
10700157541,142
10707089570,79
10712520307,45
10712549923,106
10713351768,97
10716301083,178
10718174295,88
10719180972,187
10719972443,43
10726472459,43
10727257851,70
10728404947,153
10731944035,313
10736927559,117
10739045077,61
10739289027,18
10746297380,79
10748223433,214
10748977936,43
10749453261,106
10749833863,27
10751335874,232
10751580748,90
10759314328,88
10760763040,43
10760995076,43
10764950749,108
10774025087,0
10775092510,241
10777905506,97
10779032599,18
10785988120,43
10805407322,43
10809463096,88
10814074965,115
10817408560,241
10819109439,304
10820034572,81
10822144107,0
10822340524,88
10822962924,151
10825687618,36
10826171782,18
10826671851,79
10832734032,9
10834316111,106
10839407040,97
10843750079,124
10845914951,18
10847353592,70
10850986306,9
10852490024,79
10852985016,106
10863378920,70
10864691442,97
10866454620,52
10866553608,0
10866827421,54
10870472387,52
10872829419,52
10873033334,43
10873073077,79
10876728808,144
10878821438,63
10879391659,0
10881416058,106
10882133112,0
10885013831,196
10885703620,286
10887938110,232
10888880549,313
10897234444,81
10897803990,52
10899591001,43
10902016506,54
10902068971,61
10903193546,63
10905382111,18
10905417372,216
10906607568,45
10907119104,9
10909540089,36
10912792925,43
10912974038,79
10912991613,223
10914343064,322
10920343552,9
10925978915,259
10931925039,135
10936405471,133
10938916077,250
10938963298,9
10939650906,117
10946981100,151
10960909384,115
10961206275,9
10962727562,304
10967639668,0
10970434094,9
10972624522,144
10973060613,9
10981986612,0
10982898120,90
10985498075,106
10985510046,232
10991743339,97
10993382921,9
10994577997,27
10998760516,160
11001484399,36
11005620594,232
11009540428,79
11011643151,18
11012446591,0
11013118995,151
11013661406,196
11015354047,286
11020974030,223
11023982899,169
11030026505,133
11034422393,178
11034817418,36
11037186420,81
11038411540,295
11038730452,277
11040694561,216
11041479509,187
11044768971,52
11049256438,162
11051741783,160
11052349871,45
11058418913,151
11058453969,61
11058785507,160
11062861075,106
11063365956,259
11063383441,313
11064152056,63
11067202533,88
11067324824,180
11072022611,36
11073102041,115
11073742686,61
11087947579,223
11094459878,88
11095209723,0
11097598922,295
11100287571,45
11102958181,45
11105115418,142
11106544916,88
11107022834,135
11107046063,97
11111305877,108
11112359392,117
11114073093,45
11115330597,115
11116577700,27
11120689609,277
11121874855,135
11132175598,133
11134235562,232
11142042957,61
11142486520,169
11145371706,36
11146402027,178
11146781020,160
11148322620,52
11151155262,18
11158094509,18
11160093081,313
11161446537,151
11164373610,0
11165569313,54
11166058037,169
11166064116,9
11168600392,43
11168902540,142
11170524397,36
11173321014,214
11174398109,63
11176702753,106
11180116380,169
11183646424,162
11186753574,124
11186771525,81
11189331466,81
11191865262,18
11196759600,36
11205205494,250
11206327612,45
11207424986,0
11208218529,70
11208526085,180
11210809873,27
11216132102,304
11218130093,142
11220057617,0
11221069116,52
11227282120,36
11228585599,97
11232464516,61
11234112848,198
11237245620,331
11238584468,52
11244081569,0
11247274079,97
11251042699,36
11255042706,0
11256267111,0
11256667502,322
11257719414,9
11260170938,313
11262933614,0
11263878255,97
11266862906,106
11267698101,72
11271850297,54
11274679535,9
11275652032,54
11286828933,286
11290551989,142
11291322078,27
11296821897,90
11297194545,232
11300020018,124
11300859540,151
11301040895,196
11307556076,27
11310367458,178
11315744020,52
11322849576,108
11325176076,36
11327355024,169
11333670108,79
11336874788,117
11361139706,18
11361181118,0
11363740999,45
11367689423,198
11368975932,187
11369405578,295
11376586473,151
11377365483,295
11377638708,72
11379260767,61
11382855044,88
11383594329,43
11385233380,135
11391129101,223
11391806933,72
11400161504,331
11401438579,160
11402758539,250
11403210565,169
11405476849,198
11405966348,196
11407310456,124
11409289022,97
11414195822,0
11418145602,0
11421646460,313
11423024097,27
11426255049,54
11431263034,153
11434038895,54
11436477568,70
11437207350,52
11438543310,27
11441307544,169
11441675352,178
11442930599,223
11443093069,117
11444035461,115
11446441884,151
11448509586,117
11449717116,0
11451646566,115
11453560402,133
11455271037,196
11456315093,277
11464798497,70
11465290077,43
11471504879,27
11479225563,18
11480992434,88
11482523061,151
11487273517,61
11487460675,36
11488756537,52
11492570559,205
11494642978,61
11505116891,160
11506416065,277
11506917399,70
11508308934,18
11508995112,70
11509350877,115
11510777832,144
11511282083,9
11514618251,52
11514659085,286
11517422017,268
11520264025,214
11525690086,187
11527897089,268
11534538505,61
11534777089,313
11538629564,0
11546480411,108
11549264094,43
11551040490,196
11553594997,259
11555628012,133
11556987111,18
11557479050,124
11557863678,9
11562496593,45
11563921094,169
11565508088,160
11567048055,61
11568591877,234
11568912489,97
11568924352,223
11569765095,18
11571892559,304
11575413606,0
11577293293,36
11579624112,0
11580361966,70
11584658025,124
11588325704,63
11594413864,169
11594466105,27
11597992868,126
11600565570,43
11602746435,126
11603374112,52
11604280502,99
11608543016,286
11610954045,151
11615489043,115
11615558799,169
11617741565,0
11617915061,160
11621227355,223
11621803591,214
11621971581,45
11625544580,99
11626302851,124
11627339065,0
11627757491,61
11629958814,124
11630409583,52
11633192316,18
11633534046,81
11635107036,180
11635827024,106
11638059575,9
11641066408,108
11642269263,18
11644398108,27
11646009949,97
11646016001,0
11646488529,133
11647717582,72
11650139053,124
11651209423,9
11652416035,133
11654058074,9
11656487271,9
11659681608,43
11663315552,142
11665515969,169
11665812027,63
11667603755,90
11668394848,198
11677453535,97
11679937317,70
11683469667,18
11683929411,286
11685190749,45
11688440550,72
11693121965,70
11700400580,304
11702159778,88
11707356036,79
11719541544,232
11722170419,43
11723581338,43
11726426217,0
11734448464,223
11736686923,27
11742794467,79
11744310367,214
11745073519,79
11748985089,106
11752871489,268
11757391485,178
11758535476,45
11764499533,43
11766268077,277
11768511475,70
11769040220,27
11769336576,61
11769755532,72
11771594965,144
11775070747,81
11778826103,79
11781206897,232
11786072114,36
11788611118,0
11790723034,241
11792989887,9
11793638379,106
11807894856,45
11809266614,70
11809513102,43
11809793888,18
11810647018,160
11811078428,106
11812928362,81
11813270601,196
11818527066,160
11818800068,232
11821252876,214
11825933112,9
11830820079,0
11831650434,232
11834430371,52
11837980407,70
11839649009,259
11839771618,79
11841231292,90
11842850442,79
11842943538,295
11843221919,70
11843822851,126
11844504549,286
11852860452,79
11855918917,124
11855965752,43
11856294114,232
11861996852,81
11865507856,189
11865832758,36
11873886876,54
11877411465,70
11877515393,54
11882157910,133
11887829526,160
11890786113,97
11894858444,169
11895387992,52
11900112753,70
11901996109,106
11902776065,151
11903687470,286
11910352598,9
11910754365,214
11911213000,61
11913438344,180
11913817518,97
11914648614,9
11915012970,36
11927651753,88
11929200030,43
11930237453,313
11934143592,106
11936547040,43
11942404403,115
11945658999,223
11946380530,52
11946934029,250
11946998852,36
11948145585,54
11951539594,0
11952156956,268
11958381306,97
11961028808,187
11961840746,70
11965512117,54
11966446590,214
11974320095,214
11978279932,61
11993388692,43
11994734098,88
12001251267,61
12004187854,205
12005571048,36
12006195207,0
12009265962,196
12009672807,54
12014263570,18
12015441414,205
12017099393,115
12024650813,9
12033969402,79
12035603016,18
12035701924,142
12037171607,0
12047129923,277
12047527119,45
12048683320,79
12049266075,0
12050132619,9
12065197523,142
12066721402,205
12070218110,27
12075326053,106
12076704098,54
12079559253,81
12081872198,27
12085283940,43
12086092520,160
12087867496,108
12089012599,126
12089815099,18
12089966366,142
12090784080,99
12096040064,133
12098044461,18
12098706431,133
12098945179,0
12100948079,27
12103147585,322
12105642532,0
12110449534,232
12111248414,126
12112669603,79
12115345612,295
12117091542,241
12118179723,88
12119945525,250
12123549116,223
12128055377,79
12129737616,0
12130562981,117
12137406455,142
12140409984,45
12149223020,214
12149275893,79
12149559426,97
12150936836,43
12152106415,36
12154224884,43
12155978087,27
12160177993,117
12161945524,241
12164628470,250
12166489273,36
12169748505,124
12173159598,115
12175949810,178
12181105497,61
12191330032,196
12191500107,0
12195235249,115
12198038601,151
12208528516,169
12212662080,52
12213569620,70
12216628784,52
12218227775,108
12218629993,79
12224178530,196
12224399609,9
12224731280,9
12225322297,160
12229447468,27
12232123006,142
12235696309,162
12236584059,81
12238481804,144
12238661481,142
12240419120,304
12241427106,18
12242634109,43
12244392047,70
12245124772,79
12245885982,277
12249979928,162
12257948881,142
12259810896,27
12261682571,27
12264567470,106
12266804501,9
12267539979,52
12269098575,313
12269331780,144
12272903059,70
12273100112,106
12273790966,151
12274647906,90
12274951382,133
12277949902,79
12279218953,232
12284973878,9
12288656009,232
12294459846,187
12295350567,223
12297947026,99
12301804098,142
12302308936,63
12302745619,9
12310554352,189
12314210612,54
12321007060,18
12321438098,97
12322532364,72
12322782511,79
12323219178,36
12333308283,0
12333395019,223
12333749605,90
12334496043,88
12339907497,9
12341725575,115
12342103199,36
12346404979,27
12347203055,133
12351480900,70
12352851101,36
12353323046,295
12357486602,205
12360446117,0
12366801997,133
12376682381,81
12381852513,0
12392958192,27
12393615905,0
12402224063,79
12405585069,0
12407452313,54
12409607758,117
12417017405,90
12417628932,178
12420960826,196
12425828598,9
12427506112,9
12428760609,63
12433300944,268
12434377987,180
12434825936,9
12438063808,115
12439707028,205
12440621615,124
12442338982,79
12445575403,79
12446482361,18
12447406361,160
12451005538,36
12452147329,61
12456056172,0
12459800094,63
12464221304,79
12466650816,45
12469844604,70
12472278512,169
12473168044,9
12475742527,79
12477788095,36
12478363050,160
12478660549,133
12484297581,277
12485227500,61
12485378954,160
12486565095,18
12487214914,250
12491786442,205
12495158692,72
12499174114,196
12499983772,43
12500136579,9
12500615568,54
12501412595,196
12503473334,72
12503508543,36
12511982912,180
12512632079,124
12513102017,88
12516017075,151
12517604081,232
12517895590,232
12519241002,27
12521565950,70
12522419053,43
12524640611,259
12527612340,70
12529123761,63
12533622096,207
12533994448,187
12536597065,9
12539947024,268
12541488589,0
12544199050,81
12547549101,52
12554645612,250
12557530018,45
12563650933,0
12564888438,115
12566931066,160
12575862609,43
12577613934,223
12577905072,70
12580874815,70
12585297461,151
12586910537,169
12591647048,133
12591785922,187
12593146184,61
12593269065,36
12594535345,108
12603410552,115
12609832592,106
12613285590,286
12618466091,178
12626107095,0
12628509249,63
12629807615,81
12630806392,43
12632893059,52
12633108936,268
12634919714,9
12636193523,70
12636502953,322
12638659120,9
12639382564,223
12640068209,36
12646708946,106
12649942415,178
12653328031,43
12654613023,135
12656184059,151
12660597078,108
12674105755,0
12678415019,9
12681704811,151
12688459022,79
12689084882,97
12689837374,79
12705553086,97
12706132781,45
12710247505,18
12710799934,250
12720701923,250
12723060619,115
12737200415,108
12739573596,90
12740290561,79
12747662933,178
12752425883,205
12753384430,196
12753861114,124
12754366383,180
12757754784,70
12763538315,144
12763725467,115
12764619436,9
12765233017,70
12766665617,115
12767246956,313
12767282004,88
12768263120,9
12768339027,88
12769735510,322
12771507054,72
12773164556,79
12774936601,61
12777048998,115
12783133006,79
12789284097,18
12790314020,43
12792234420,205
12793965074,223
12795438107,151
12801857106,36
12802072070,9
12803203430,124
12812330084,18
12820500243,115
12822238843,196
12827943831,27
12829306017,117
12832266631,0
12832759555,63
12832865113,27
12833319456,241
12836411825,180
12840663084,0
12841145528,52
12844855194,0
12845285575,36
12846388085,106
12846888614,18
12854209913,36
12858238101,250
12862453461,124
12864111596,0
12864895609,106
12868523582,63
12880010201,72
12883662467,187
12889273873,54
12891053463,126
12891270055,70
12892239491,97
12894031260,126
12899449981,61
12899642073,70
12904797393,207
12906406573,196
12907145041,250
12910687248,63
12915198379,36
12915373075,106
12916077668,43
12918175978,63
12924230083,9
12924801287,97
12926373843,27
12928832907,153
12949849363,79
12952473749,63
12954031606,61
12956475021,196
12957865217,0
12959753536,214
12964464042,259
12972257867,9
12972859612,54
12976258528,52
12977039598,45
12985091577,18
12990387355,97
13010229043,117
13012518933,250
13030138987,322
13030663099,241
13034661110,106
13041826874,223
13042367864,106
13053110604,61
13054543029,18
13056277619,72
13056413250,99
13062574084,124
13062725987,124
13070016454,61
13070451053,63
13071442998,97
13073122540,18
13083252011,241
13084158369,160
13085112926,88
13086238510,43
13088052973,133
13089445584,133
13094485106,36
13099671742,79
13112945100,153
13114629093,72
13115168552,232
13122194530,160
13123210419,250
13123589606,27
13127174331,196
13128105120,72
13129020867,178
13131385110,0
13131798560,52
13132219272,88
13132544522,97
13135218090,115
13136562548,52
13137703965,70
13138715037,99
13139262489,106
13143836508,214
13145856968,70
13148612691,18
13148664431,223
13148804303,178
13149043019,88
13150575372,169
13150587548,9
13150821417,90
13155314117,61
13155896063,79
13158750566,169
13159238522,72
13161389509,126
13164639411,277
13164819532,259
13164958564,9
13165539609,322
13167250067,117
13167475277,142
13171205019,205
13176180521,61
13177669230,45
13179382895,124
13181032835,88
13181598061,124
13184401436,295
13187210086,70
13198897990,178
13199665567,61
13200705862,142
13203014606,63
13204029384,18
13204355694,72
13211326568,9
13216306008,88
13219929986,160
13220491295,117
13222272620,9
13224132441,79
13228992110,214
13231562596,99
13231772611,36
13233203097,72
13240189401,9
13244125006,232
13245042967,61
13247474488,106
13249010295,144
13251485618,18
13252292583,18
13253002585,9
13253101421,43
13254443559,106
13256383094,126
13259504081,72
13261358618,70
13265947953,9
13267424061,45
13275108415,133
13276066329,36
13282554312,115
13287789512,115
13291577474,216
13291985095,88
13292607640,9
13298611118,187
13299835059,205
13303173906,70
13304790559,169
13308471392,43
13309976117,0
13310787498,36
13311855598,169
13314394835,90
13316352789,106
13317635001,160
13323094758,70
13324533559,250
13327288244,9
13330633590,0
13331943607,0
13334550524,79
13337288491,160
13359595513,178
13368684998,0
13370682198,36
13373960924,223
13374952043,79
13378483026,52
13381781475,0
13382428247,124
13384583595,54
13385924070,151
13386012437,97
13388139998,36
13389995618,63
13390053333,169
13390887581,52
13393522963,313
13394220078,43
13395110990,178
13395570033,232
13398234056,79
13401990118,81
13405956601,9
13409223295,153
13415450996,259
13420478047,61
13421385890,268
13422056077,88
13431804009,232
13432630108,259
13434788105,27
13435779906,151
13436909373,27
13437930599,88
13445442381,142
13445822080,160
13446114086,0
13447632513,160
13449533041,160
13449544985,169
13450614110,81
13454331501,277
13472797925,169
13479344510,54
13479491381,54
13485500601,27
13486943235,0
13487611116,0
13489745574,313
13490230399,52
13505064599,61
13512780324,36
13518621111,331
13518662120,241
13525172241,9
13527304103,126
13527339795,108
13528738871,52
13532849618,259
13540426577,133
13543182067,124
13543700975,115
13545092310,52
13547756433,63
13547796470,61
13550778435,286
13551623563,223
13556468593,79
13557221507,70
13560689285,97
13561493506,205
13562558607,61
13562958788,88
13565598801,97
13568499951,45
13568651040,43
13569602585,106
13580477678,27
13583304899,88
13583897116,124
13596011025,70
13596829101,43
13600236535,133
13605660240,0
13607197114,81
13613873111,214
13617198791,36
13619074099,9
13619651948,97
13620193994,54
13621772874,135
13625390270,54
13630345116,169
13639202096,0
13640002102,61
13660439511,135
13661114120,70
13661357567,142
13667651099,63
13670491098,178
13671610948,187
13672240986,18
13673434731,9
13674450962,133
13678098718,81
13679128900,43
13682243565,331
13685494850,187
13687107732,106
13690490252,117
13695561884,106
13696835116,36
13698786072,54
13699556541,45
13701641145,18
13705250101,234
13706334596,0
13708439831,198
13717190089,70
13720592994,97
13723391439,106
13726086106,250
13728518033,322
13730661482,61
13730830549,54
13732039620,52
13732360618,9
13739355242,27
13740001602,0
13740553620,36
13743275912,241
13743887442,45
13744033592,79
13744057083,126
13747169400,18
13755702470,36
13756621361,70
13759727540,0
13761202112,322
13763853023,27
13774986292,169
13778946925,63
13779342015,259
13779576602,18
13785698805,178
13785850850,88
13789644966,187
13796410020,232
13802407976,216
13806023481,0
13809167575,115
13810635785,115
13813602229,43
13826312748,36
13829726877,207
13834593362,198
13839676086,135
13844286460,250
13844833073,115
13854112040,187
13856747093,313
13858469810,106
13863142060,90
13863230040,196
13867000614,106
13867844922,79
13873046084,0
13877705555,115
13878470023,205
13878762060,0
13887113559,9
13887148486,0
13893021993,268
13893895620,81
13901553470,151
13903269932,27
13904110470,160
13906080590,241
13911179806,88
13922555610,45
13925065102,144
13926809456,232
13927785479,9
13936394902,223
13938368451,288
13939833897,61
13942027108,277
13944274206,45
13945588000,45
13951456388,171
13953374108,171
13953675502,142
13956058077,268
13958807559,268
13959241102,205
13959480412,117
13961450092,97
13962123590,9
13963011659,0
13970982718,72
13975648494,88
13976694620,214
13983198609,142
13983958428,277
13987179018,241
13999711606,0
13999735038,205
14002892213,43
14003250488,268
14007798348,178
14020073113,0
14023727113,9
14027885850,117
14050408060,52
14053937598,205
14055508426,135
14056961434,18
14057298340,124
14062975019,268
14068212616,117
14069295010,214
14072692078,0
14078678092,0
14082670761,52
14085770378,90
14089574504,232
14095883150,9
14105726310,106
14111302344,169
14112499562,142
14114225895,106
14116122388,18
14116719593,0
14120526030,322
14123064014,151
14128051112,18
14134020569,0
14135695937,70
14136586418,43
14137760424,115
14143045604,9
14146667587,9
14155963801,88
14164369895,97
14167238846,216
14170722920,214
14185259952,322
14190339499,0
14190726599,142
14193688527,331
14196403030,43
14200821864,36
14205065610,9
14205667423,88
14207176502,259
14212901561,43
14216311774,52
14220082063,250
14222627106,241
14227073094,43
14227848555,61
14229286100,0
14242133578,9
14242672115,0
14247273437,9
14252267906,90
14252750710,43
14255513612,88
14259134834,214
14259769117,0
14271515563,322
14275820774,153
14276187496,178
14276250937,70
14280452737,36
14281122957,36
14282267978,151
14285664536,196
14288341106,9
14289209118,232
14290359089,9
14291869947,133
14292063344,43
14292724903,187
14294759990,124
14296900066,36
14298949107,90
14300065359,151
14301799063,115
14303317906,115
14306437603,72
14308673444,295
14313957066,295
14322122841,135
14324552308,18
14328821406,9
14332110466,250
14342435027,36
14343186571,27
14344145396,259
14346964921,252
14348587068,79
14351350582,115
14354796120,18
14357932063,52
14364310557,126
14370565544,331
14371305905,0
14373684570,268
14376324468,97
14383311337,205
14384191416,54
14384787083,241
14385043528,207
14388854834,153
14393106972,232
14393211620,18
14394684530,0
14399895111,99
14400426112,0
14402257103,43
14402564027,160
14403521824,88
14404087117,61
14405917346,178
14406864608,36
14408031611,0
14410105502,277
14410153022,250
14411935058,18
14414290102,178
14415081117,0
14420943958,277
14421299595,232
14422089500,43
14428148509,304
14430869572,133
14431430110,295
14431577031,9
14436105079,9
14437449029,115
14443576471,214
14446360590,54
14449827005,187
14451423785,90
14453556096,0
14456060581,322
14457452796,36
14458323097,99
14464601899,277
14465648520,124
14466484513,232
14468219113,124
14474679372,198
14478798115,99
14489827120,90
14492614509,106
14494752602,0
14502103407,52
14504912114,169
14509432600,81
14512198111,27
14515666288,52
14516027967,268
14518245599,117
14521398506,286
14523894087,241
14532172687,27
14543775569,52
14552250421,151
14554224095,106
14556932970,223
14557368472,61
14558202895,153
14560647060,88
14562809928,0
14563778559,27
14566121602,52
14578986092,115
14580960252,72
14582879364,180
14589040586,36
14589899862,97
14591017513,142
14595750567,142
14595779501,54
14598916418,178
14603484546,43
14606502959,142
14606920098,178
14607053947,43
14607251416,45
14615744311,124
14618093344,54
14621361474,9
14624166116,70
14624304845,151
14631264007,295
14633992113,196
14634427959,99
14635954588,43
14637045619,27
14637622723,63
14639236838,169
14642003547,268
14648801092,0
14649738518,322
14653565614,0
14657945978,178
14658429616,0
14668217445,126
14668735612,18
14671395837,88
14672290610,18
14674805498,63
14675724511,63
14676014392,268
14676055063,52
14680489505,70
14681266613,79
14681377500,178
14684226060,63
14691977500,286
14692526116,0
14693182098,88
14693224027,54
14695191499,61
14698244616,232
14704943612,0
14706379102,178
14707030537,0
14707617600,61
14708072949,0
14710654107,117
14713330618,250
14716498299,178
14717702418,0
14720169451,331
14726848114,133
14730847601,151
14732508108,27
14737370098,241
14744291501,223
14747956510,79
14750970388,108
14751366476,43
14751407572,277
14758234520,27
14760865408,70
14764295048,124
14767758047,115
14769662851,106
14770974612,106
14776513159,0
14778481547,106
14782366071,43
14782412434,295
14786628911,70
14789439395,241
14789869261,106
14799723452,72
14803708881,135
14804488038,9
14804598561,313
14812358350,169
14814284227,36
14818643318,70
14820781492,205
14822685793,117
14823319706,45
14823883766,63
14824799602,0
14828022582,0
14829030047,259
14831682792,97
14833039437,171
14834016902,153
14834720268,27
14836996730,81
14838492116,27
14844670479,126
14845339436,61
14845397902,72
14846774243,18
14848163600,90
14849246137,9
14851841081,79
14854354007,0
14857014915,196
14859986910,108
14863374074,124
14864724620,27
14867232420,106
14869514001,313
14871225398,214
14871248942,322
14873190409,88
14876087780,142
14885459952,214
14886765114,9
14887909586,151
14889601043,160
14890643593,331
14894954035,178
14895649050,142
14896384587,259
14900695051,97
14904533100,133
14907523534,106
14908733939,88
14909447587,27
14914117611,61
14915157120,52
14915990949,214
14917864973,169
14935073098,196
14942594805,18
14944584093,241
14955080547,52
14956022092,277
14960766477,241
14968371404,27
14969866921,169
14972652539,160
14973017910,151
14974191475,70
14979275031,52
14981381046,43
14982600612,18
14986989119,27
14990956616,27
14991489604,331
14992049442,124
14992533013,196
14996709493,115
14996884202,81
14998935916,286
15005528404,63
15008009609,61
15015985870,43
15017475006,52
15025834810,135
15026872375,43
15028011584,178
15028041382,234
15028715535,97
15028913094,63
15029198415,151
15029863812,97
15030832616,0
15032030873,178
15039729223,45
15043335274,142
15045679354,99
15045923617,9
15047117337,133
15048140585,151
15048821066,61
15049030116,0
15056072610,18
15060682103,178
15062860475,304
15073699872,43
15081240054,286
15084184185,0
15086209999,124
15088021921,160
15092180110,115
15100692529,187
15101552599,205
15102645557,313
15103709437,9
15105704083,241
15110126034,268
15114254665,36
15114278289,144
15115613755,9
15118349072,9
15120348914,234
15131629437,9
15134998933,214
15135324490,151
15136021931,126
15137417049,43
15137788548,108
15139676471,52
15140542397,198
15145811118,97
15149642446,169
15151915411,0
15157595080,214
15159245562,187
15161372575,9
15163777120,45
15165409082,250
15169532499,241
15172410608,45
15179159385,97
15180408029,117
15181759354,135
15182909275,133
15191957958,0
15196674107,133
15198491062,196
15199947616,106
15202063299,169
15203429619,304
15206519532,205
15208680264,124
15208796991,106
15208947559,214
15209453120,9
15211666785,0
15224742282,99
15224917084,27
15230080097,0
15236597578,70
15239966995,115
15245683120,43
15245905553,52
15247594116,18
15250590566,142
15252698755,0
15256043947,196
15256836510,151
15262004594,304
15266252794,117
15267687032,196
15270802455,241
15276378736,43
15277922327,79
15280551310,61
15280626061,106
15282873351,135
15291816938,151
15292495582,0
15299197883,70
15304607575,0
15308049605,223
15309397120,9
15313055965,277
15315908085,142
15316367860,81
15324622055,142
15324720925,97
15325940353,79
15325957613,97
15327590989,63
15328231575,0
15328290107,72
15329907376,70
15332464607,97
15333243026,162
15341484884,9
15342258104,0
15343440373,135
15346760103,106
15365342617,0
15366803002,88
15369677860,27
15376133991,232
15376933608,72
15380252614,0
15383701083,331
15384899574,79
15386186513,169
15388731109,142
15389290836,27
15390109530,27
15391114391,79
15391365208,43
15393741929,9
15399396865,70
15399652917,151
15402533984,313
15406721544,0
15409052046,286
15410266991,70
15414458076,79
15416518573,180
15417553993,18
15419298114,99
15426116607,36
15427026388,144
15429521088,70
15432730064,54
15435269825,97
15440974751,99
15444848437,250
15446035491,223
15449795427,196
15450733120,36
15454196095,187
15455291959,295
15455575767,61
15456144913,45
15458017044,72
15459603120,9
15478250942,9
15479495554,43
15481709116,0
15483760591,18
15488079037,18
15490343048,304
15493319013,97
15496707604,9
15497464568,9
15502057601,322
15502484450,43
15509946949,304
15510704084,151
15512174994,97
15516190119,36
15517856618,0
15518496339,133
15519133974,196
15527783393,0
15529240765,0
15538512203,18
15541852510,153
15544336501,72
15545151595,43
15545385914,45
15547213863,79
15548208244,70
15552996583,124
15554798552,250
15557516206,45
15557800461,18
15559247070,72
15559433353,88
15562376913,216
15565166537,322
15565323450,54
15567136377,205
15569324336,52
15572450071,196
15573158999,61
15579660116,0
15579885974,241
15581771884,151
15586631529,223
15589345602,61
15589404065,54
15592809596,205
15594237604,124
15609838416,36
15613719314,36
15614353051,52
15623809055,205
15632389426,45
15634109607,52
15638566087,259
15638984852,207
15639207818,135
15642780102,63
15644098954,43
15646349599,72
15646837965,106
15651900986,169
15653310740,54
15654582271,36
15658103105,322
15659726386,43
15662150584,88
15665045560,151
15670150950,169
15671308373,70
15679151520,259
15681001923,106
15681130120,277
15681217113,144
15681838945,52
15684618082,9
15687025753,18
15687742931,0
15691081614,0
15691610941,214
15692993116,304
15693161831,124
15696839089,169
15698943267,27
15704313086,277
15704487809,72
15704499600,259
15715604106,70
15716527411,18
15721883836,81
15722103521,106
15725883827,160
15728598929,108
15728949884,223
15734255226,61
15745773199,27
15746603616,99
15751473472,135
15753431582,54
15755817012,169
15756249540,88
15758461118,187
15760047172,27
15763428100,45
15764101964,90
15767861096,313
15768590595,9
15775418064,61
15777701782,79
15785779990,142
15787019393,250
15788672290,169
15789526088,88
15789780537,36
15792007093,70
15793604858,61
15793727010,97
15794943531,106
15795892443,43
15796679024,18
15805093011,135
15809218995,63
15810173413,27
15812305864,9
15818444605,52
15819707494,286
15821675578,27
15827638117,9
15829264828,124
15837620253,45
15841604612,0
15842086601,133
15847274536,63
15847801809,108
15850367589,88
15850460120,9
15850652438,313
15853069330,9
15854710100,63
15857283029,45
15859099582,124
15867983900,106
15869325615,36
15874751990,223
15874868979,106
15874915368,43
15875101879,198
15875993550,135
15876654119,9
15877026513,250
15879164706,45
15880723106,259
15881037497,178
15884543525,79
15886440302,45
15887789615,0
15888828904,241
15891879530,214
15894428838,43
15900480475,115
15902177100,54
15904291585,286
15910604046,295
15912805062,115
15913519556,81
15920513601,72
15920822064,70
15926950609,79
15932551521,259
15934222821,52
15939871073,115
15941271365,88
15947488825,178
15948615528,160
15949461004,97
15950884115,0
15954179870,36
15956927785,36
15959305092,18
15959520113,36
15963112019,36
15968573776,90
15975779084,52
15976736813,9
15979907616,18
15993279946,106
15995048184,43
15997582309,169
15997640604,9
